DATAFLOW,LAST UPDATE,freq,c_birth,age,unit,sex,geo,TIME_PERIOD,OBS_VALUE,OBS_FLAG
ESTAT:MIGR_POP3CTB(1.0),25/04/24 23:00:00,A,FOR,TOTAL,NR,T,AT,2016,1588209,
ESTAT:MIGR_POP3CTB(1.0),25/04/24 23:00:00,A,FOR,TOTAL,NR,T,AT,2017,1649008,
ESTAT:MIGR_POP3CTB(1.0),25/04/24 23:00:00,A,FOR,TOTAL,NR,T,AT,2018,1690619,
ESTAT:MIGR_POP3CTB(1.0),25/04/24 23:00:00,A,FOR,TOTAL,NR,T,AT,2019,1722833,
ESTAT:MIGR_POP3CTB(1.0),25/04/24 23:00:00,A,FOR,TOTAL,NR,T,AT,2020,1760595,
ESTAT:MIGR_POP3CTB(1.0),25/04/24 23:00:00,A,FOR,TOTAL,NR,T,AT,2021,1792053,
ESTAT:MIGR_POP3CTB(1.0),25/04/24 23:00:00,A,FOR,TOTAL,NR,T,AT,2022,1834342,
ESTAT:MIGR_POP3CTB(1.0),25/04/24 23:00:00,A,FOR,TOTAL,NR,T,AT,2023,1963312,
ESTAT:MIGR_POP3CTB(1.0),25/04/24 23:00:00,A,FOR,TOTAL,NR,T,BE,2016,1845631,
ESTAT:MIGR_POP3CTB(1.0),25/04/24 23:00:00,A,FOR,TOTAL,NR,T,BE,2017,1876726,
ESTAT:MIGR_POP3CTB(1.0),25/04/24 23:00:00,A,FOR,TOTAL,NR,T,BE,2018,1916272,
ESTAT:MIGR_POP3CTB(1.0),25/04/24 23:00:00,A,FOR,TOTAL,NR,T,BE,2019,1968060,
ESTAT:MIGR_POP3CTB(1.0),25/04/24 23:00:00,A,FOR,TOTAL,NR,T,BE,2020,2027763,
ESTAT:MIGR_POP3CTB(1.0),25/04/24 23:00:00,A,FOR,TOTAL,NR,T,BE,2021,2065727,
ESTAT:MIGR_POP3CTB(1.0),25/04/24 23:00:00,A,FOR,TOTAL,NR,T,BE,2022,2119691,
ESTAT:MIGR_POP3CTB(1.0),25/04/24 23:00:00,A,FOR,TOTAL,NR,T,BE,2023,2246910,
ESTAT:MIGR_POP3CTB(1.0),25/04/24 23:00:00,A,FOR,TOTAL,NR,T,BG,2016,136421,
ESTAT:MIGR_POP3CTB(1.0),25/04/24 23:00:00,A,FOR,TOTAL,NR,T,BG,2017,145390,
ESTAT:MIGR_POP3CTB(1.0),25/04/24 23:00:00,A,FOR,TOTAL,NR,T,BG,2018,156505,
ESTAT:MIGR_POP3CTB(1.0),25/04/24 23:00:00,A,FOR,TOTAL,NR,T,BG,2019,171993,
ESTAT:MIGR_POP3CTB(1.0),25/04/24 23:00:00,A,FOR,TOTAL,NR,T,BG,2020,188729,
ESTAT:MIGR_POP3CTB(1.0),25/04/24 23:00:00,A,FOR,TOTAL,NR,T,BG,2021,201940,
ESTAT:MIGR_POP3CTB(1.0),25/04/24 23:00:00,A,FOR,TOTAL,NR,T,BG,2022,220843,
ESTAT:MIGR_POP3CTB(1.0),25/04/24 23:00:00,A,FOR,TOTAL,NR,T,BG,2023,168595,b
ESTAT:MIGR_POP3CTB(1.0),25/04/24 23:00:00,A,FOR,TOTAL,NR,T,CH,2016,2324461,
ESTAT:MIGR_POP3CTB(1.0),25/04/24 23:00:00,A,FOR,TOTAL,NR,T,CH,2017,2391480,
ESTAT:MIGR_POP3CTB(1.0),25/04/24 23:00:00,A,FOR,TOTAL,NR,T,CH,2018,2432519,
ESTAT:MIGR_POP3CTB(1.0),25/04/24 23:00:00,A,FOR,TOTAL,NR,T,CH,2019,2469381,
ESTAT:MIGR_POP3CTB(1.0),25/04/24 23:00:00,A,FOR,TOTAL,NR,T,CH,2020,2509692,
ESTAT:MIGR_POP3CTB(1.0),25/04/24 23:00:00,A,FOR,TOTAL,NR,T,CH,2021,2553225,
ESTAT:MIGR_POP3CTB(1.0),25/04/24 23:00:00,A,FOR,TOTAL,NR,T,CH,2022,2598146,
ESTAT:MIGR_POP3CTB(1.0),25/04/24 23:00:00,A,FOR,TOTAL,NR,T,CH,2023,2662038,
ESTAT:MIGR_POP3CTB(1.0),25/04/24 23:00:00,A,FOR,TOTAL,NR,T,CY,2016,172808,
ESTAT:MIGR_POP3CTB(1.0),25/04/24 23:00:00,A,FOR,TOTAL,NR,T,CY,2017,173791,
ESTAT:MIGR_POP3CTB(1.0),25/04/24 23:00:00,A,FOR,TOTAL,NR,T,CY,2018,181369,
ESTAT:MIGR_POP3CTB(1.0),25/04/24 23:00:00,A,FOR,TOTAL,NR,T,CY,2019,185528,
ESTAT:MIGR_POP3CTB(1.0),25/04/24 23:00:00,A,FOR,TOTAL,NR,T,CY,2020,191415,
ESTAT:MIGR_POP3CTB(1.0),25/04/24 23:00:00,A,FOR,TOTAL,NR,T,CY,2021,200936,
ESTAT:MIGR_POP3CTB(1.0),25/04/24 23:00:00,A,FOR,TOTAL,NR,T,CY,2022,205798,
ESTAT:MIGR_POP3CTB(1.0),25/04/24 23:00:00,A,FOR,TOTAL,NR,T,CY,2023,208843,
ESTAT:MIGR_POP3CTB(1.0),25/04/24 23:00:00,A,FOR,TOTAL,NR,T,CZ,2016,433290,
ESTAT:MIGR_POP3CTB(1.0),25/04/24 23:00:00,A,FOR,TOTAL,NR,T,CZ,2017,465056,
ESTAT:MIGR_POP3CTB(1.0),25/04/24 23:00:00,A,FOR,TOTAL,NR,T,CZ,2018,467580,
ESTAT:MIGR_POP3CTB(1.0),25/04/24 23:00:00,A,FOR,TOTAL,NR,T,CZ,2019,507051,
ESTAT:MIGR_POP3CTB(1.0),25/04/24 23:00:00,A,FOR,TOTAL,NR,T,CZ,2020,533639,
ESTAT:MIGR_POP3CTB(1.0),25/04/24 23:00:00,A,FOR,TOTAL,NR,T,CZ,2021,409220,b
ESTAT:MIGR_POP3CTB(1.0),25/04/24 23:00:00,A,FOR,TOTAL,NR,T,CZ,2022,453424,
ESTAT:MIGR_POP3CTB(1.0),25/04/24 23:00:00,A,FOR,TOTAL,NR,T,CZ,2023,764171,
ESTAT:MIGR_POP3CTB(1.0),25/04/24 23:00:00,A,FOR,TOTAL,NR,T,DE,2016,10908255,
ESTAT:MIGR_POP3CTB(1.0),25/04/24 23:00:00,A,FOR,TOTAL,NR,T,DE,2017,12105436,
ESTAT:MIGR_POP3CTB(1.0),25/04/24 23:00:00,A,FOR,TOTAL,NR,T,DE,2018,13745843,
ESTAT:MIGR_POP3CTB(1.0),25/04/24 23:00:00,A,FOR,TOTAL,NR,T,DE,2019,14879635,
ESTAT:MIGR_POP3CTB(1.0),25/04/24 23:00:00,A,FOR,TOTAL,NR,T,DE,2020,15040708,
ESTAT:MIGR_POP3CTB(1.0),25/04/24 23:00:00,A,FOR,TOTAL,NR,T,DE,2021,15162728,
ESTAT:MIGR_POP3CTB(1.0),25/04/24 23:00:00,A,FOR,TOTAL,NR,T,DE,2022,15287650,e
ESTAT:MIGR_POP3CTB(1.0),25/04/24 23:00:00,A,FOR,TOTAL,NR,T,DE,2023,16476370,e
ESTAT:MIGR_POP3CTB(1.0),25/04/24 23:00:00,A,FOR,TOTAL,NR,T,DK,2016,636666,
ESTAT:MIGR_POP3CTB(1.0),25/04/24 23:00:00,A,FOR,TOTAL,NR,T,DK,2017,668090,
ESTAT:MIGR_POP3CTB(1.0),25/04/24 23:00:00,A,FOR,TOTAL,NR,T,DK,2018,690549,
ESTAT:MIGR_POP3CTB(1.0),25/04/24 23:00:00,A,FOR,TOTAL,NR,T,DK,2019,707880,
ESTAT:MIGR_POP3CTB(1.0),25/04/24 23:00:00,A,FOR,TOTAL,NR,T,DK,2020,715936,
ESTAT:MIGR_POP3CTB(1.0),25/04/24 23:00:00,A,FOR,TOTAL,NR,T,DK,2021,721135,
ESTAT:MIGR_POP3CTB(1.0),25/04/24 23:00:00,A,FOR,TOTAL,NR,T,DK,2022,745851,
ESTAT:MIGR_POP3CTB(1.0),25/04/24 23:00:00,A,FOR,TOTAL,NR,T,DK,2023,804061,
ESTAT:MIGR_POP3CTB(1.0),25/04/24 23:00:00,A,FOR,TOTAL,NR,T,EE,2016,193813,
ESTAT:MIGR_POP3CTB(1.0),25/04/24 23:00:00,A,FOR,TOTAL,NR,T,EE,2017,192535,
ESTAT:MIGR_POP3CTB(1.0),25/04/24 23:00:00,A,FOR,TOTAL,NR,T,EE,2018,196207,
ESTAT:MIGR_POP3CTB(1.0),25/04/24 23:00:00,A,FOR,TOTAL,NR,T,EE,2019,197896,
ESTAT:MIGR_POP3CTB(1.0),25/04/24 23:00:00,A,FOR,TOTAL,NR,T,EE,2020,198306,
ESTAT:MIGR_POP3CTB(1.0),25/04/24 23:00:00,A,FOR,TOTAL,NR,T,EE,2021,198243,
ESTAT:MIGR_POP3CTB(1.0),25/04/24 23:00:00,A,FOR,TOTAL,NR,T,EE,2022,200583,
ESTAT:MIGR_POP3CTB(1.0),25/04/24 23:00:00,A,FOR,TOTAL,NR,T,EE,2023,234743,
ESTAT:MIGR_POP3CTB(1.0),25/04/24 23:00:00,A,FOR,TOTAL,NR,T,EL,2016,1220395,
ESTAT:MIGR_POP3CTB(1.0),25/04/24 23:00:00,A,FOR,TOTAL,NR,T,EL,2017,1250863,
ESTAT:MIGR_POP3CTB(1.0),25/04/24 23:00:00,A,FOR,TOTAL,NR,T,EL,2018,1277861,
ESTAT:MIGR_POP3CTB(1.0),25/04/24 23:00:00,A,FOR,TOTAL,NR,T,EL,2019,1307471,
ESTAT:MIGR_POP3CTB(1.0),25/04/24 23:00:00,A,FOR,TOTAL,NR,T,EL,2020,1348174,
ESTAT:MIGR_POP3CTB(1.0),25/04/24 23:00:00,A,FOR,TOTAL,NR,T,EL,2021,1361720,
ESTAT:MIGR_POP3CTB(1.0),25/04/24 23:00:00,A,FOR,TOTAL,NR,T,EL,2022,1198086,b
ESTAT:MIGR_POP3CTB(1.0),25/04/24 23:00:00,A,FOR,TOTAL,NR,T,EL,2023,1173236,
ESTAT:MIGR_POP3CTB(1.0),25/04/24 23:00:00,A,FOR,TOTAL,NR,T,ES,2016,5918341,
ESTAT:MIGR_POP3CTB(1.0),25/04/24 23:00:00,A,FOR,TOTAL,NR,T,ES,2017,6024698,
ESTAT:MIGR_POP3CTB(1.0),25/04/24 23:00:00,A,FOR,TOTAL,NR,T,ES,2018,6198833,
ESTAT:MIGR_POP3CTB(1.0),25/04/24 23:00:00,A,FOR,TOTAL,NR,T,ES,2019,6538961,
ESTAT:MIGR_POP3CTB(1.0),25/04/24 23:00:00,A,FOR,TOTAL,NR,T,ES,2020,6996825,
ESTAT:MIGR_POP3CTB(1.0),25/04/24 23:00:00,A,FOR,TOTAL,NR,T,ES,2021,7214878,
ESTAT:MIGR_POP3CTB(1.0),25/04/24 23:00:00,A,FOR,TOTAL,NR,T,ES,2022,7365311,
ESTAT:MIGR_POP3CTB(1.0),25/04/24 23:00:00,A,FOR,TOTAL,NR,T,ES,2023,8204206,
ESTAT:MIGR_POP3CTB(1.0),25/04/24 23:00:00,A,FOR,TOTAL,NR,T,FI,2016,329219,
ESTAT:MIGR_POP3CTB(1.0),25/04/24 23:00:00,A,FOR,TOTAL,NR,T,FI,2017,348986,
ESTAT:MIGR_POP3CTB(1.0),25/04/24 23:00:00,A,FOR,TOTAL,NR,T,FI,2018,363717,
ESTAT:MIGR_POP3CTB(1.0),25/04/24 23:00:00,A,FOR,TOTAL,NR,T,FI,2019,377360,
ESTAT:MIGR_POP3CTB(1.0),25/04/24 23:00:00,A,FOR,TOTAL,NR,T,FI,2020,393555,
ESTAT:MIGR_POP3CTB(1.0),25/04/24 23:00:00,A,FOR,TOTAL,NR,T,FI,2021,408676,
ESTAT:MIGR_POP3CTB(1.0),25/04/24 23:00:00,A,FOR,TOTAL,NR,T,FI,2022,428409,
ESTAT:MIGR_POP3CTB(1.0),25/04/24 23:00:00,A,FOR,TOTAL,NR,T,FI,2023,461205,
ESTAT:MIGR_POP3CTB(1.0),25/04/24 23:00:00,A,FOR,TOTAL,NR,T,FR,2016,8028227,
ESTAT:MIGR_POP3CTB(1.0),25/04/24 23:00:00,A,FOR,TOTAL,NR,T,FR,2017,8098872,
ESTAT:MIGR_POP3CTB(1.0),25/04/24 23:00:00,A,FOR,TOTAL,NR,T,FR,2018,8199663,
ESTAT:MIGR_POP3CTB(1.0),25/04/24 23:00:00,A,FOR,TOTAL,NR,T,FR,2019,8428660,p
ESTAT:MIGR_POP3CTB(1.0),25/04/24 23:00:00,A,FOR,TOTAL,NR,T,FR,2020,8521829,p
ESTAT:MIGR_POP3CTB(1.0),25/04/24 23:00:00,A,FOR,TOTAL,NR,T,FR,2021,8670939,p
ESTAT:MIGR_POP3CTB(1.0),25/04/24 23:00:00,A,FOR,TOTAL,NR,T,FR,2022,8651109,p
ESTAT:MIGR_POP3CTB(1.0),25/04/24 23:00:00,A,FOR,TOTAL,NR,T,FR,2023,8942059,p
ESTAT:MIGR_POP3CTB(1.0),25/04/24 23:00:00,A,FOR,TOTAL,NR,T,HR,2016,547929,
ESTAT:MIGR_POP3CTB(1.0),25/04/24 23:00:00,A,FOR,TOTAL,NR,T,HR,2017,539588,
ESTAT:MIGR_POP3CTB(1.0),25/04/24 23:00:00,A,FOR,TOTAL,NR,T,HR,2018,528982,
ESTAT:MIGR_POP3CTB(1.0),25/04/24 23:00:00,A,FOR,TOTAL,NR,T,HR,2019,527308,
ESTAT:MIGR_POP3CTB(1.0),25/04/24 23:00:00,A,FOR,TOTAL,NR,T,HR,2020,533769,
ESTAT:MIGR_POP3CTB(1.0),25/04/24 23:00:00,A,FOR,TOTAL,NR,T,HR,2021,532315,
ESTAT:MIGR_POP3CTB(1.0),25/04/24 23:00:00,A,FOR,TOTAL,NR,T,HR,2022,472308,b
ESTAT:MIGR_POP3CTB(1.0),25/04/24 23:00:00,A,FOR,TOTAL,NR,T,HR,2023,490555,
ESTAT:MIGR_POP3CTB(1.0),25/04/24 23:00:00,A,FOR,TOTAL,NR,T,HU,2016,503787,
ESTAT:MIGR_POP3CTB(1.0),25/04/24 23:00:00,A,FOR,TOTAL,NR,T,HU,2017,513649,
ESTAT:MIGR_POP3CTB(1.0),25/04/24 23:00:00,A,FOR,TOTAL,NR,T,HU,2018,536182,
ESTAT:MIGR_POP3CTB(1.0),25/04/24 23:00:00,A,FOR,TOTAL,NR,T,HU,2019,564761,
ESTAT:MIGR_POP3CTB(1.0),25/04/24 23:00:00,A,FOR,TOTAL,NR,T,HU,2020,593937,
ESTAT:MIGR_POP3CTB(1.0),25/04/24 23:00:00,A,FOR,TOTAL,NR,T,HU,2021,597440,
ESTAT:MIGR_POP3CTB(1.0),25/04/24 23:00:00,A,FOR,TOTAL,NR,T,HU,2022,612618,
ESTAT:MIGR_POP3CTB(1.0),25/04/24 23:00:00,A,FOR,TOTAL,NR,T,HU,2023,644496,b
ESTAT:MIGR_POP3CTB(1.0),25/04/24 23:00:00,A,FOR,TOTAL,NR,T,IE,2016,773649,
ESTAT:MIGR_POP3CTB(1.0),25/04/24 23:00:00,A,FOR,TOTAL,NR,T,IE,2017,796410,
ESTAT:MIGR_POP3CTB(1.0),25/04/24 23:00:00,A,FOR,TOTAL,NR,T,IE,2018,811245,
ESTAT:MIGR_POP3CTB(1.0),25/04/24 23:00:00,A,FOR,TOTAL,NR,T,IE,2019,844412,e
ESTAT:MIGR_POP3CTB(1.0),25/04/24 23:00:00,A,FOR,TOTAL,NR,T,IE,2020,875559,
ESTAT:MIGR_POP3CTB(1.0),25/04/24 23:00:00,A,FOR,TOTAL,NR,T,IE,2021,883319,
ESTAT:MIGR_POP3CTB(1.0),25/04/24 23:00:00,A,FOR,TOTAL,NR,T,IE,2022,904801,
ESTAT:MIGR_POP3CTB(1.0),25/04/24 23:00:00,A,FOR,TOTAL,NR,T,IE,2023,1150590,
ESTAT:MIGR_POP3CTB(1.0),25/04/24 23:00:00,A,FOR,TOTAL,NR,T,IS,2016,41853,
ESTAT:MIGR_POP3CTB(1.0),25/04/24 23:00:00,A,FOR,TOTAL,NR,T,IS,2017,46080,
ESTAT:MIGR_POP3CTB(1.0),25/04/24 23:00:00,A,FOR,TOTAL,NR,T,IS,2018,53540,
ESTAT:MIGR_POP3CTB(1.0),25/04/24 23:00:00,A,FOR,TOTAL,NR,T,IS,2019,59999,
ESTAT:MIGR_POP3CTB(1.0),25/04/24 23:00:00,A,FOR,TOTAL,NR,T,IS,2020,65205,
ESTAT:MIGR_POP3CTB(1.0),25/04/24 23:00:00,A,FOR,TOTAL,NR,T,IS,2021,67438,
ESTAT:MIGR_POP3CTB(1.0),25/04/24 23:00:00,A,FOR,TOTAL,NR,T,IS,2022,71767,
ESTAT:MIGR_POP3CTB(1.0),25/04/24 23:00:00,A,FOR,TOTAL,NR,T,IS,2023,82227,
ESTAT:MIGR_POP3CTB(1.0),25/04/24 23:00:00,A,FOR,TOTAL,NR,T,IT,2016,5907452,
ESTAT:MIGR_POP3CTB(1.0),25/04/24 23:00:00,A,FOR,TOTAL,NR,T,IT,2017,6020614,e
ESTAT:MIGR_POP3CTB(1.0),25/04/24 23:00:00,A,FOR,TOTAL,NR,T,IT,2018,6175337,
ESTAT:MIGR_POP3CTB(1.0),25/04/24 23:00:00,A,FOR,TOTAL,NR,T,IT,2019,6069000,b
ESTAT:MIGR_POP3CTB(1.0),25/04/24 23:00:00,A,FOR,TOTAL,NR,T,IT,2020,6161391,
ESTAT:MIGR_POP3CTB(1.0),25/04/24 23:00:00,A,FOR,TOTAL,NR,T,IT,2021,6262207,
ESTAT:MIGR_POP3CTB(1.0),25/04/24 23:00:00,A,FOR,TOTAL,NR,T,IT,2022,6161003,
ESTAT:MIGR_POP3CTB(1.0),25/04/24 23:00:00,A,FOR,TOTAL,NR,T,IT,2023,6417206,
ESTAT:MIGR_POP3CTB(1.0),25/04/24 23:00:00,A,FOR,TOTAL,NR,T,LI,2016,24241,
ESTAT:MIGR_POP3CTB(1.0),25/04/24 23:00:00,A,FOR,TOTAL,NR,T,LI,2017,24634,
ESTAT:MIGR_POP3CTB(1.0),25/04/24 23:00:00,A,FOR,TOTAL,NR,T,LI,2018,25098,
ESTAT:MIGR_POP3CTB(1.0),25/04/24 23:00:00,A,FOR,TOTAL,NR,T,LI,2019,25561,
ESTAT:MIGR_POP3CTB(1.0),25/04/24 23:00:00,A,FOR,TOTAL,NR,T,LI,2020,26081,
ESTAT:MIGR_POP3CTB(1.0),25/04/24 23:00:00,A,FOR,TOTAL,NR,T,LI,2021,26560,
ESTAT:MIGR_POP3CTB(1.0),25/04/24 23:00:00,A,FOR,TOTAL,NR,T,LI,2022,26971,
ESTAT:MIGR_POP3CTB(1.0),25/04/24 23:00:00,A,FOR,TOTAL,NR,T,LT,2016,129706,
ESTAT:MIGR_POP3CTB(1.0),25/04/24 23:00:00,A,FOR,TOTAL,NR,T,LT,2017,127351,
ESTAT:MIGR_POP3CTB(1.0),25/04/24 23:00:00,A,FOR,TOTAL,NR,T,LT,2018,130975,
ESTAT:MIGR_POP3CTB(1.0),25/04/24 23:00:00,A,FOR,TOTAL,NR,T,LT,2019,138171,
ESTAT:MIGR_POP3CTB(1.0),25/04/24 23:00:00,A,FOR,TOTAL,NR,T,LT,2020,152578,
ESTAT:MIGR_POP3CTB(1.0),25/04/24 23:00:00,A,FOR,TOTAL,NR,T,LT,2021,165164,
ESTAT:MIGR_POP3CTB(1.0),25/04/24 23:00:00,A,FOR,TOTAL,NR,T,LT,2022,168787,
ESTAT:MIGR_POP3CTB(1.0),25/04/24 23:00:00,A,FOR,TOTAL,NR,T,LT,2023,231822,
ESTAT:MIGR_POP3CTB(1.0),25/04/24 23:00:00,A,FOR,TOTAL,NR,T,LU,2016,260573,
ESTAT:MIGR_POP3CTB(1.0),25/04/24 23:00:00,A,FOR,TOTAL,NR,T,LU,2017,270010,b
ESTAT:MIGR_POP3CTB(1.0),25/04/24 23:00:00,A,FOR,TOTAL,NR,T,LU,2018,280151,
ESTAT:MIGR_POP3CTB(1.0),25/04/24 23:00:00,A,FOR,TOTAL,NR,T,LU,2019,290644,
ESTAT:MIGR_POP3CTB(1.0),25/04/24 23:00:00,A,FOR,TOTAL,NR,T,LU,2020,301688,
ESTAT:MIGR_POP3CTB(1.0),25/04/24 23:00:00,A,FOR,TOTAL,NR,T,LU,2021,309164,
ESTAT:MIGR_POP3CTB(1.0),25/04/24 23:00:00,A,FOR,TOTAL,NR,T,LU,2022,318568,
ESTAT:MIGR_POP3CTB(1.0),25/04/24 23:00:00,A,FOR,TOTAL,NR,T,LU,2023,333085,
ESTAT:MIGR_POP3CTB(1.0),25/04/24 23:00:00,A,FOR,TOTAL,NR,T,LV,2016,258889,
ESTAT:MIGR_POP3CTB(1.0),25/04/24 23:00:00,A,FOR,TOTAL,NR,T,LV,2017,251465,
ESTAT:MIGR_POP3CTB(1.0),25/04/24 23:00:00,A,FOR,TOTAL,NR,T,LV,2018,246040,
ESTAT:MIGR_POP3CTB(1.0),25/04/24 23:00:00,A,FOR,TOTAL,NR,T,LV,2019,241754,
ESTAT:MIGR_POP3CTB(1.0),25/04/24 23:00:00,A,FOR,TOTAL,NR,T,LV,2020,236953,
ESTAT:MIGR_POP3CTB(1.0),25/04/24 23:00:00,A,FOR,TOTAL,NR,T,LV,2021,230095,
ESTAT:MIGR_POP3CTB(1.0),25/04/24 23:00:00,A,FOR,TOTAL,NR,T,LV,2022,223631,
ESTAT:MIGR_POP3CTB(1.0),25/04/24 23:00:00,A,FOR,TOTAL,NR,T,LV,2023,241096,
ESTAT:MIGR_POP3CTB(1.0),25/04/24 23:00:00,A,FOR,TOTAL,NR,T,MT,2016,61632,
ESTAT:MIGR_POP3CTB(1.0),25/04/24 23:00:00,A,FOR,TOTAL,NR,T,MT,2017,69576,
ESTAT:MIGR_POP3CTB(1.0),25/04/24 23:00:00,A,FOR,TOTAL,NR,T,MT,2018,83396,
ESTAT:MIGR_POP3CTB(1.0),25/04/24 23:00:00,A,FOR,TOTAL,NR,T,MT,2019,99555,
ESTAT:MIGR_POP3CTB(1.0),25/04/24 23:00:00,A,FOR,TOTAL,NR,T,MT,2020,118927,
ESTAT:MIGR_POP3CTB(1.0),25/04/24 23:00:00,A,FOR,TOTAL,NR,T,MT,2021,119550,
ESTAT:MIGR_POP3CTB(1.0),25/04/24 23:00:00,A,FOR,TOTAL,NR,T,MT,2022,122930,p
ESTAT:MIGR_POP3CTB(1.0),25/04/24 23:00:00,A,FOR,TOTAL,NR,T,MT,2023,153361,
ESTAT:MIGR_POP3CTB(1.0),25/04/24 23:00:00,A,FOR,TOTAL,NR,T,NL,2016,2056520,
ESTAT:MIGR_POP3CTB(1.0),25/04/24 23:00:00,A,FOR,TOTAL,NR,T,NL,2017,2137234,
ESTAT:MIGR_POP3CTB(1.0),25/04/24 23:00:00,A,FOR,TOTAL,NR,T,NL,2018,2215849,
ESTAT:MIGR_POP3CTB(1.0),25/04/24 23:00:00,A,FOR,TOTAL,NR,T,NL,2019,2298705,
ESTAT:MIGR_POP3CTB(1.0),25/04/24 23:00:00,A,FOR,TOTAL,NR,T,NL,2020,2399804,
ESTAT:MIGR_POP3CTB(1.0),25/04/24 23:00:00,A,FOR,TOTAL,NR,T,NL,2021,2451157,
ESTAT:MIGR_POP3CTB(1.0),25/04/24 23:00:00,A,FOR,TOTAL,NR,T,NL,2022,2550837,
ESTAT:MIGR_POP3CTB(1.0),25/04/24 23:00:00,A,FOR,TOTAL,NR,T,NL,2023,2776950,
ESTAT:MIGR_POP3CTB(1.0),25/04/24 23:00:00,A,FOR,TOTAL,NR,T,NO,2016,774043,
ESTAT:MIGR_POP3CTB(1.0),25/04/24 23:00:00,A,FOR,TOTAL,NR,T,NO,2017,799797,
ESTAT:MIGR_POP3CTB(1.0),25/04/24 23:00:00,A,FOR,TOTAL,NR,T,NO,2018,822360,
ESTAT:MIGR_POP3CTB(1.0),25/04/24 23:00:00,A,FOR,TOTAL,NR,T,NO,2019,841580,
ESTAT:MIGR_POP3CTB(1.0),25/04/24 23:00:00,A,FOR,TOTAL,NR,T,NO,2020,867778,
ESTAT:MIGR_POP3CTB(1.0),25/04/24 23:00:00,A,FOR,TOTAL,NR,T,NO,2021,878153,
ESTAT:MIGR_POP3CTB(1.0),25/04/24 23:00:00,A,FOR,TOTAL,NR,T,NO,2022,906843,
ESTAT:MIGR_POP3CTB(1.0),25/04/24 23:00:00,A,FOR,TOTAL,NR,T,NO,2023,965546,
ESTAT:MIGR_POP3CTB(1.0),25/04/24 23:00:00,A,FOR,TOTAL,NR,T,PL,2016,626396,p
ESTAT:MIGR_POP3CTB(1.0),25/04/24 23:00:00,A,FOR,TOTAL,NR,T,PL,2017,651845,ep
ESTAT:MIGR_POP3CTB(1.0),25/04/24 23:00:00,A,FOR,TOTAL,NR,T,PL,2018,695850,ep
ESTAT:MIGR_POP3CTB(1.0),25/04/24 23:00:00,A,FOR,TOTAL,NR,T,PL,2019,760849,
ESTAT:MIGR_POP3CTB(1.0),25/04/24 23:00:00,A,FOR,TOTAL,NR,T,PL,2020,849320,ep
ESTAT:MIGR_POP3CTB(1.0),25/04/24 23:00:00,A,FOR,TOTAL,NR,T,PL,2021,935740,
ESTAT:MIGR_POP3CTB(1.0),25/04/24 23:00:00,A,FOR,TOTAL,NR,T,PL,2022,931158,ep
ESTAT:MIGR_POP3CTB(1.0),25/04/24 23:00:00,A,FOR,TOTAL,NR,T,PL,2023,933118,ep
ESTAT:MIGR_POP3CTB(1.0),25/04/24 23:00:00,A,FOR,TOTAL,NR,T,PT,2016,872501,
ESTAT:MIGR_POP3CTB(1.0),25/04/24 23:00:00,A,FOR,TOTAL,NR,T,PT,2017,876300,
ESTAT:MIGR_POP3CTB(1.0),25/04/24 23:00:00,A,FOR,TOTAL,NR,T,PT,2018,909553,
ESTAT:MIGR_POP3CTB(1.0),25/04/24 23:00:00,A,FOR,TOTAL,NR,T,PT,2019,959228,
ESTAT:MIGR_POP3CTB(1.0),25/04/24 23:00:00,A,FOR,TOTAL,NR,T,PT,2020,1094557,
ESTAT:MIGR_POP3CTB(1.0),25/04/24 23:00:00,A,FOR,TOTAL,NR,T,PT,2021,1181027,
ESTAT:MIGR_POP3CTB(1.0),25/04/24 23:00:00,A,FOR,TOTAL,NR,T,PT,2022,1198793,bp
ESTAT:MIGR_POP3CTB(1.0),25/04/24 23:00:00,A,FOR,TOTAL,NR,T,PT,2023,1683829,
ESTAT:MIGR_POP3CTB(1.0),25/04/24 23:00:00,A,FOR,TOTAL,NR,T,RO,2016,347344,
ESTAT:MIGR_POP3CTB(1.0),25/04/24 23:00:00,A,FOR,TOTAL,NR,T,RO,2017,419238,
ESTAT:MIGR_POP3CTB(1.0),25/04/24 23:00:00,A,FOR,TOTAL,NR,T,RO,2018,510526,
ESTAT:MIGR_POP3CTB(1.0),25/04/24 23:00:00,A,FOR,TOTAL,NR,T,RO,2019,611627,
ESTAT:MIGR_POP3CTB(1.0),25/04/24 23:00:00,A,FOR,TOTAL,NR,T,RO,2020,723913,e
ESTAT:MIGR_POP3CTB(1.0),25/04/24 23:00:00,A,FOR,TOTAL,NR,T,RO,2021,688697,e
ESTAT:MIGR_POP3CTB(1.0),25/04/24 23:00:00,A,FOR,TOTAL,NR,T,RO,2023,529974,e
ESTAT:MIGR_POP3CTB(1.0),25/04/24 23:00:00,A,FOR,TOTAL,NR,T,SE,2016,1675116,
ESTAT:MIGR_POP3CTB(1.0),25/04/24 23:00:00,A,FOR,TOTAL,NR,T,SE,2017,1783179,
ESTAT:MIGR_POP3CTB(1.0),25/04/24 23:00:00,A,FOR,TOTAL,NR,T,SE,2018,1875637,
ESTAT:MIGR_POP3CTB(1.0),25/04/24 23:00:00,A,FOR,TOTAL,NR,T,SE,2019,1954065,
ESTAT:MIGR_POP3CTB(1.0),25/04/24 23:00:00,A,FOR,TOTAL,NR,T,SE,2020,2018191,
ESTAT:MIGR_POP3CTB(1.0),25/04/24 23:00:00,A,FOR,TOTAL,NR,T,SE,2021,2045234,
ESTAT:MIGR_POP3CTB(1.0),25/04/24 23:00:00,A,FOR,TOTAL,NR,T,SE,2022,2089008,
ESTAT:MIGR_POP3CTB(1.0),25/04/24 23:00:00,A,FOR,TOTAL,NR,T,SE,2023,2144268,
ESTAT:MIGR_POP3CTB(1.0),25/04/24 23:00:00,A,FOR,TOTAL,NR,T,SI,2016,241203,
ESTAT:MIGR_POP3CTB(1.0),25/04/24 23:00:00,A,FOR,TOTAL,NR,T,SI,2017,245369,
ESTAT:MIGR_POP3CTB(1.0),25/04/24 23:00:00,A,FOR,TOTAL,NR,T,SI,2018,250226,
ESTAT:MIGR_POP3CTB(1.0),25/04/24 23:00:00,A,FOR,TOTAL,NR,T,SI,2019,265072,
ESTAT:MIGR_POP3CTB(1.0),25/04/24 23:00:00,A,FOR,TOTAL,NR,T,SI,2020,281621,
ESTAT:MIGR_POP3CTB(1.0),25/04/24 23:00:00,A,FOR,TOTAL,NR,T,SI,2021,292824,
ESTAT:MIGR_POP3CTB(1.0),25/04/24 23:00:00,A,FOR,TOTAL,NR,T,SI,2022,294533,
ESTAT:MIGR_POP3CTB(1.0),25/04/24 23:00:00,A,FOR,TOTAL,NR,T,SI,2023,309289,
ESTAT:MIGR_POP3CTB(1.0),25/04/24 23:00:00,A,FOR,TOTAL,NR,T,SK,2016,181642,
ESTAT:MIGR_POP3CTB(1.0),25/04/24 23:00:00,A,FOR,TOTAL,NR,T,SK,2017,186217,
ESTAT:MIGR_POP3CTB(1.0),25/04/24 23:00:00,A,FOR,TOTAL,NR,T,SK,2018,190308,
ESTAT:MIGR_POP3CTB(1.0),25/04/24 23:00:00,A,FOR,TOTAL,NR,T,SK,2019,194389,
ESTAT:MIGR_POP3CTB(1.0),25/04/24 23:00:00,A,FOR,TOTAL,NR,T,SK,2020,198429,
ESTAT:MIGR_POP3CTB(1.0),25/04/24 23:00:00,A,FOR,TOTAL,NR,T,SK,2021,201941,
ESTAT:MIGR_POP3CTB(1.0),25/04/24 23:00:00,A,FOR,TOTAL,NR,T,SK,2022,213171,
ESTAT:MIGR_POP3CTB(1.0),25/04/24 23:00:00,A,FOR,TOTAL,NR,T,SK,2023,213178,
ESTAT:MIGR_POP3CTB(1.0),25/04/24 23:00:00,A,FOR,TOTAL,NR,T,TR,2019,2278490,
ESTAT:MIGR_POP3CTB(1.0),25/04/24 23:00:00,A,FOR,TOTAL,NR,T,UK,2016,8696511,
ESTAT:MIGR_POP3CTB(1.0),25/04/24 23:00:00,A,FOR,TOTAL,NR,T,UK,2017,9298018,
ESTAT:MIGR_POP3CTB(1.0),25/04/24 23:00:00,A,FOR,TOTAL,NR,T,UK,2018,9512464,
ESTAT:MIGR_POP3CTB(1.0),25/04/24 23:00:00,A,FOR,TOTAL,NR,T,UK,2019,9469015,
ESTAT:MIGR_POP3CTB(1.0),25/04/24 23:00:00,A,NAT,TOTAL,NR,T,AT,2016,7105748,
ESTAT:MIGR_POP3CTB(1.0),25/04/24 23:00:00,A,NAT,TOTAL,NR,T,AT,2017,7116599,
ESTAT:MIGR_POP3CTB(1.0),25/04/24 23:00:00,A,NAT,TOTAL,NR,T,AT,2018,7125144,
ESTAT:MIGR_POP3CTB(1.0),25/04/24 23:00:00,A,NAT,TOTAL,NR,T,AT,2019,7130221,
ESTAT:MIGR_POP3CTB(1.0),25/04/24 23:00:00,A,NAT,TOTAL,NR,T,AT,2020,7135753,
ESTAT:MIGR_POP3CTB(1.0),25/04/24 23:00:00,A,NAT,TOTAL,NR,T,AT,2021,7135091,
ESTAT:MIGR_POP3CTB(1.0),25/04/24 23:00:00,A,NAT,TOTAL,NR,T,AT,2022,7136503,
ESTAT:MIGR_POP3CTB(1.0),25/04/24 23:00:00,A,NAT,TOTAL,NR,T,AT,2023,7128912,
ESTAT:MIGR_POP3CTB(1.0),25/04/24 23:00:00,A,NAT,TOTAL,NR,T,BE,2016,9461830,
ESTAT:MIGR_POP3CTB(1.0),25/04/24 23:00:00,A,NAT,TOTAL,NR,T,BE,2017,9470917,
ESTAT:MIGR_POP3CTB(1.0),25/04/24 23:00:00,A,NAT,TOTAL,NR,T,BE,2018,9478126,
ESTAT:MIGR_POP3CTB(1.0),25/04/24 23:00:00,A,NAT,TOTAL,NR,T,BE,2019,9482503,
ESTAT:MIGR_POP3CTB(1.0),25/04/24 23:00:00,A,NAT,TOTAL,NR,T,BE,2020,9490287,
ESTAT:MIGR_POP3CTB(1.0),25/04/24 23:00:00,A,NAT,TOTAL,NR,T,BE,2021,9484082,
ESTAT:MIGR_POP3CTB(1.0),25/04/24 23:00:00,A,NAT,TOTAL,NR,T,BE,2022,9491911,
ESTAT:MIGR_POP3CTB(1.0),25/04/24 23:00:00,A,NAT,TOTAL,NR,T,BE,2023,9488511,
ESTAT:MIGR_POP3CTB(1.0),25/04/24 23:00:00,A,NAT,TOTAL,NR,T,BG,2016,7015969,
ESTAT:MIGR_POP3CTB(1.0),25/04/24 23:00:00,A,NAT,TOTAL,NR,T,BG,2017,6954776,
ESTAT:MIGR_POP3CTB(1.0),25/04/24 23:00:00,A,NAT,TOTAL,NR,T,BG,2018,6891535,
ESTAT:MIGR_POP3CTB(1.0),25/04/24 23:00:00,A,NAT,TOTAL,NR,T,BG,2019,6825767,
ESTAT:MIGR_POP3CTB(1.0),25/04/24 23:00:00,A,NAT,TOTAL,NR,T,BG,2020,6760262,
ESTAT:MIGR_POP3CTB(1.0),25/04/24 23:00:00,A,NAT,TOTAL,NR,T,BG,2021,6711929,
ESTAT:MIGR_POP3CTB(1.0),25/04/24 23:00:00,A,NAT,TOTAL,NR,T,BG,2022,6615195,
ESTAT:MIGR_POP3CTB(1.0),25/04/24 23:00:00,A,NAT,TOTAL,NR,T,BG,2023,6277700,b
ESTAT:MIGR_POP3CTB(1.0),25/04/24 23:00:00,A,NAT,TOTAL,NR,T,CH,2016,5910732,
ESTAT:MIGR_POP3CTB(1.0),25/04/24 23:00:00,A,NAT,TOTAL,NR,T,CH,2017,5939518,
ESTAT:MIGR_POP3CTB(1.0),25/04/24 23:00:00,A,NAT,TOTAL,NR,T,CH,2018,5965062,
ESTAT:MIGR_POP3CTB(1.0),25/04/24 23:00:00,A,NAT,TOTAL,NR,T,CH,2019,5991111,
ESTAT:MIGR_POP3CTB(1.0),25/04/24 23:00:00,A,NAT,TOTAL,NR,T,CH,2020,6015994,
ESTAT:MIGR_POP3CTB(1.0),25/04/24 23:00:00,A,NAT,TOTAL,NR,T,CH,2021,6039868,
ESTAT:MIGR_POP3CTB(1.0),25/04/24 23:00:00,A,NAT,TOTAL,NR,T,CH,2022,6066351,
ESTAT:MIGR_POP3CTB(1.0),25/04/24 23:00:00,A,NAT,TOTAL,NR,T,CH,2023,6081451,
ESTAT:MIGR_POP3CTB(1.0),25/04/24 23:00:00,A,NAT,TOTAL,NR,T,CY,2016,669460,
ESTAT:MIGR_POP3CTB(1.0),25/04/24 23:00:00,A,NAT,TOTAL,NR,T,CY,2017,674939,
ESTAT:MIGR_POP3CTB(1.0),25/04/24 23:00:00,A,NAT,TOTAL,NR,T,CY,2018,677092,
ESTAT:MIGR_POP3CTB(1.0),25/04/24 23:00:00,A,NAT,TOTAL,NR,T,CY,2019,684976,
ESTAT:MIGR_POP3CTB(1.0),25/04/24 23:00:00,A,NAT,TOTAL,NR,T,CY,2020,691105,
ESTAT:MIGR_POP3CTB(1.0),25/04/24 23:00:00,A,NAT,TOTAL,NR,T,CY,2021,695071,
ESTAT:MIGR_POP3CTB(1.0),25/04/24 23:00:00,A,NAT,TOTAL,NR,T,CY,2022,698907,
ESTAT:MIGR_POP3CTB(1.0),25/04/24 23:00:00,A,NAT,TOTAL,NR,T,CY,2023,711858,
ESTAT:MIGR_POP3CTB(1.0),25/04/24 23:00:00,A,NAT,TOTAL,NR,T,CZ,2016,10120553,
ESTAT:MIGR_POP3CTB(1.0),25/04/24 23:00:00,A,NAT,TOTAL,NR,T,CZ,2017,10113764,
ESTAT:MIGR_POP3CTB(1.0),25/04/24 23:00:00,A,NAT,TOTAL,NR,T,CZ,2018,10142475,
ESTAT:MIGR_POP3CTB(1.0),25/04/24 23:00:00,A,NAT,TOTAL,NR,T,CZ,2019,10142749,
ESTAT:MIGR_POP3CTB(1.0),25/04/24 23:00:00,A,NAT,TOTAL,NR,T,CZ,2020,10160300,
ESTAT:MIGR_POP3CTB(1.0),25/04/24 23:00:00,A,NAT,TOTAL,NR,T,CZ,2021,10085616,b
ESTAT:MIGR_POP3CTB(1.0),25/04/24 23:00:00,A,NAT,TOTAL,NR,T,CZ,2022,10063283,
ESTAT:MIGR_POP3CTB(1.0),25/04/24 23:00:00,A,NAT,TOTAL,NR,T,CZ,2023,10063358,
ESTAT:MIGR_POP3CTB(1.0),25/04/24 23:00:00,A,NAT,TOTAL,NR,T,DE,2016,70619967,
ESTAT:MIGR_POP3CTB(1.0),25/04/24 23:00:00,A,NAT,TOTAL,NR,T,DE,2017,69803578,
ESTAT:MIGR_POP3CTB(1.0),25/04/24 23:00:00,A,NAT,TOTAL,NR,T,DE,2018,68363304,
ESTAT:MIGR_POP3CTB(1.0),25/04/24 23:00:00,A,NAT,TOTAL,NR,T,DE,2019,68139578,
ESTAT:MIGR_POP3CTB(1.0),25/04/24 23:00:00,A,NAT,TOTAL,NR,T,DE,2020,68126003,
ESTAT:MIGR_POP3CTB(1.0),25/04/24 23:00:00,A,NAT,TOTAL,NR,T,DE,2021,67952619,
ESTAT:MIGR_POP3CTB(1.0),25/04/24 23:00:00,A,NAT,TOTAL,NR,T,DE,2022,67949474,e
ESTAT:MIGR_POP3CTB(1.0),25/04/24 23:00:00,A,NAT,TOTAL,NR,T,DE,2023,67882475,e
ESTAT:MIGR_POP3CTB(1.0),25/04/24 23:00:00,A,NAT,TOTAL,NR,T,DK,2016,5069632,
ESTAT:MIGR_POP3CTB(1.0),25/04/24 23:00:00,A,NAT,TOTAL,NR,T,DK,2017,5079788,
ESTAT:MIGR_POP3CTB(1.0),25/04/24 23:00:00,A,NAT,TOTAL,NR,T,DK,2018,5089851,
ESTAT:MIGR_POP3CTB(1.0),25/04/24 23:00:00,A,NAT,TOTAL,NR,T,DK,2019,5097499,
ESTAT:MIGR_POP3CTB(1.0),25/04/24 23:00:00,A,NAT,TOTAL,NR,T,DK,2020,5106209,
ESTAT:MIGR_POP3CTB(1.0),25/04/24 23:00:00,A,NAT,TOTAL,NR,T,DK,2021,5118385,
ESTAT:MIGR_POP3CTB(1.0),25/04/24 23:00:00,A,NAT,TOTAL,NR,T,DK,2022,5127118,
ESTAT:MIGR_POP3CTB(1.0),25/04/24 23:00:00,A,NAT,TOTAL,NR,T,DK,2023,5127773,
ESTAT:MIGR_POP3CTB(1.0),25/04/24 23:00:00,A,NAT,TOTAL,NR,T,EE,2016,1122085,
ESTAT:MIGR_POP3CTB(1.0),25/04/24 23:00:00,A,NAT,TOTAL,NR,T,EE,2017,1123074,
ESTAT:MIGR_POP3CTB(1.0),25/04/24 23:00:00,A,NAT,TOTAL,NR,T,EE,2018,1122844,
ESTAT:MIGR_POP3CTB(1.0),25/04/24 23:00:00,A,NAT,TOTAL,NR,T,EE,2019,1126756,
ESTAT:MIGR_POP3CTB(1.0),25/04/24 23:00:00,A,NAT,TOTAL,NR,T,EE,2020,1129934,
ESTAT:MIGR_POP3CTB(1.0),25/04/24 23:00:00,A,NAT,TOTAL,NR,T,EE,2021,1130616,
ESTAT:MIGR_POP3CTB(1.0),25/04/24 23:00:00,A,NAT,TOTAL,NR,T,EE,2022,1130543,
ESTAT:MIGR_POP3CTB(1.0),25/04/24 23:00:00,A,NAT,TOTAL,NR,T,EE,2023,1130504,
ESTAT:MIGR_POP3CTB(1.0),25/04/24 23:00:00,A,NAT,TOTAL,NR,T,EL,2016,9563353,
ESTAT:MIGR_POP3CTB(1.0),25/04/24 23:00:00,A,NAT,TOTAL,NR,T,EL,2017,9517330,
ESTAT:MIGR_POP3CTB(1.0),25/04/24 23:00:00,A,NAT,TOTAL,NR,T,EL,2018,9463304,
ESTAT:MIGR_POP3CTB(1.0),25/04/24 23:00:00,A,NAT,TOTAL,NR,T,EL,2019,9417128,
ESTAT:MIGR_POP3CTB(1.0),25/04/24 23:00:00,A,NAT,TOTAL,NR,T,EL,2020,9370391,
ESTAT:MIGR_POP3CTB(1.0),25/04/24 23:00:00,A,NAT,TOTAL,NR,T,EL,2021,9316912,
ESTAT:MIGR_POP3CTB(1.0),25/04/24 23:00:00,A,NAT,TOTAL,NR,T,EL,2022,9261696,b
ESTAT:MIGR_POP3CTB(1.0),25/04/24 23:00:00,A,NAT,TOTAL,NR,T,EL,2023,9240746,
ESTAT:MIGR_POP3CTB(1.0),25/04/24 23:00:00,A,NAT,TOTAL,NR,T,ES,2016,40521758,
ESTAT:MIGR_POP3CTB(1.0),25/04/24 23:00:00,A,NAT,TOTAL,NR,T,ES,2017,40503326,
ESTAT:MIGR_POP3CTB(1.0),25/04/24 23:00:00,A,NAT,TOTAL,NR,T,ES,2018,40459614,
ESTAT:MIGR_POP3CTB(1.0),25/04/24 23:00:00,A,NAT,TOTAL,NR,T,ES,2019,40398099,
ESTAT:MIGR_POP3CTB(1.0),25/04/24 23:00:00,A,NAT,TOTAL,NR,T,ES,2020,40335789,
ESTAT:MIGR_POP3CTB(1.0),25/04/24 23:00:00,A,NAT,TOTAL,NR,T,ES,2021,40183817,
ESTAT:MIGR_POP3CTB(1.0),25/04/24 23:00:00,A,NAT,TOTAL,NR,T,ES,2022,40067582,
ESTAT:MIGR_POP3CTB(1.0),25/04/24 23:00:00,A,NAT,TOTAL,NR,T,ES,2023,39881155,
ESTAT:MIGR_POP3CTB(1.0),25/04/24 23:00:00,A,NAT,TOTAL,NR,T,FI,2016,5150146,
ESTAT:MIGR_POP3CTB(1.0),25/04/24 23:00:00,A,NAT,TOTAL,NR,T,FI,2017,5145756,
ESTAT:MIGR_POP3CTB(1.0),25/04/24 23:00:00,A,NAT,TOTAL,NR,T,FI,2018,5140328,
ESTAT:MIGR_POP3CTB(1.0),25/04/24 23:00:00,A,NAT,TOTAL,NR,T,FI,2019,5130704,
ESTAT:MIGR_POP3CTB(1.0),25/04/24 23:00:00,A,NAT,TOTAL,NR,T,FI,2020,5121113,
ESTAT:MIGR_POP3CTB(1.0),25/04/24 23:00:00,A,NAT,TOTAL,NR,T,FI,2021,5113027,
ESTAT:MIGR_POP3CTB(1.0),25/04/24 23:00:00,A,NAT,TOTAL,NR,T,FI,2022,5105951,
ESTAT:MIGR_POP3CTB(1.0),25/04/24 23:00:00,A,NAT,TOTAL,NR,T,FI,2023,5087113,
ESTAT:MIGR_POP3CTB(1.0),25/04/24 23:00:00,A,NAT,TOTAL,NR,T,FR,2016,58610164,
ESTAT:MIGR_POP3CTB(1.0),25/04/24 23:00:00,A,NAT,TOTAL,NR,T,FR,2017,58710944,
ESTAT:MIGR_POP3CTB(1.0),25/04/24 23:00:00,A,NAT,TOTAL,NR,T,FR,2018,58826561,
ESTAT:MIGR_POP3CTB(1.0),25/04/24 23:00:00,A,NAT,TOTAL,NR,T,FR,2019,58748976,p
ESTAT:MIGR_POP3CTB(1.0),25/04/24 23:00:00,A,NAT,TOTAL,NR,T,FR,2020,58798387,p
ESTAT:MIGR_POP3CTB(1.0),25/04/24 23:00:00,A,NAT,TOTAL,NR,T,FR,2021,58985743,p
ESTAT:MIGR_POP3CTB(1.0),25/04/24 23:00:00,A,NAT,TOTAL,NR,T,FR,2022,59220816,p
ESTAT:MIGR_POP3CTB(1.0),25/04/24 23:00:00,A,NAT,TOTAL,NR,T,FR,2023,59230918,p
ESTAT:MIGR_POP3CTB(1.0),25/04/24 23:00:00,A,NAT,TOTAL,NR,T,HR,2016,3638092,
ESTAT:MIGR_POP3CTB(1.0),25/04/24 23:00:00,A,NAT,TOTAL,NR,T,HR,2017,3610031,
ESTAT:MIGR_POP3CTB(1.0),25/04/24 23:00:00,A,NAT,TOTAL,NR,T,HR,2018,3572172,
ESTAT:MIGR_POP3CTB(1.0),25/04/24 23:00:00,A,NAT,TOTAL,NR,T,HR,2019,3544850,
ESTAT:MIGR_POP3CTB(1.0),25/04/24 23:00:00,A,NAT,TOTAL,NR,T,HR,2020,3520487,
ESTAT:MIGR_POP3CTB(1.0),25/04/24 23:00:00,A,NAT,TOTAL,NR,T,HR,2021,3500349,
ESTAT:MIGR_POP3CTB(1.0),25/04/24 23:00:00,A,NAT,TOTAL,NR,T,HR,2022,3389769,b
ESTAT:MIGR_POP3CTB(1.0),25/04/24 23:00:00,A,NAT,TOTAL,NR,T,HR,2023,3360131,
ESTAT:MIGR_POP3CTB(1.0),25/04/24 23:00:00,A,NAT,TOTAL,NR,T,HU,2016,9326183,
ESTAT:MIGR_POP3CTB(1.0),25/04/24 23:00:00,A,NAT,TOTAL,NR,T,HU,2017,9283434,
ESTAT:MIGR_POP3CTB(1.0),25/04/24 23:00:00,A,NAT,TOTAL,NR,T,HU,2018,9241793,
ESTAT:MIGR_POP3CTB(1.0),25/04/24 23:00:00,A,NAT,TOTAL,NR,T,HU,2019,9207629,
ESTAT:MIGR_POP3CTB(1.0),25/04/24 23:00:00,A,NAT,TOTAL,NR,T,HU,2020,9175256,
ESTAT:MIGR_POP3CTB(1.0),25/04/24 23:00:00,A,NAT,TOTAL,NR,T,HU,2021,9133130,
ESTAT:MIGR_POP3CTB(1.0),25/04/24 23:00:00,A,NAT,TOTAL,NR,T,HU,2022,9076350,
ESTAT:MIGR_POP3CTB(1.0),25/04/24 23:00:00,A,NAT,TOTAL,NR,T,HU,2023,8950509,b
ESTAT:MIGR_POP3CTB(1.0),25/04/24 23:00:00,A,NAT,TOTAL,NR,T,IE,2016,3949280,
ESTAT:MIGR_POP3CTB(1.0),25/04/24 23:00:00,A,NAT,TOTAL,NR,T,IE,2017,3987103,
ESTAT:MIGR_POP3CTB(1.0),25/04/24 23:00:00,A,NAT,TOTAL,NR,T,IE,2018,4017489,
ESTAT:MIGR_POP3CTB(1.0),25/04/24 23:00:00,A,NAT,TOTAL,NR,T,IE,2019,4056995,e
ESTAT:MIGR_POP3CTB(1.0),25/04/24 23:00:00,A,NAT,TOTAL,NR,T,IE,2020,4085064,
ESTAT:MIGR_POP3CTB(1.0),25/04/24 23:00:00,A,NAT,TOTAL,NR,T,IE,2021,4118714,
ESTAT:MIGR_POP3CTB(1.0),25/04/24 23:00:00,A,NAT,TOTAL,NR,T,IE,2022,4150115,
ESTAT:MIGR_POP3CTB(1.0),25/04/24 23:00:00,A,NAT,TOTAL,NR,T,IE,2023,4120805,
ESTAT:MIGR_POP3CTB(1.0),25/04/24 23:00:00,A,NAT,TOTAL,NR,T,IS,2016,290507,
ESTAT:MIGR_POP3CTB(1.0),25/04/24 23:00:00,A,NAT,TOTAL,NR,T,IS,2017,291833,
ESTAT:MIGR_POP3CTB(1.0),25/04/24 23:00:00,A,NAT,TOTAL,NR,T,IS,2018,293857,
ESTAT:MIGR_POP3CTB(1.0),25/04/24 23:00:00,A,NAT,TOTAL,NR,T,IS,2019,295588,
ESTAT:MIGR_POP3CTB(1.0),25/04/24 23:00:00,A,NAT,TOTAL,NR,T,IS,2020,297365,
ESTAT:MIGR_POP3CTB(1.0),25/04/24 23:00:00,A,NAT,TOTAL,NR,T,IS,2021,299852,
ESTAT:MIGR_POP3CTB(1.0),25/04/24 23:00:00,A,NAT,TOTAL,NR,T,IS,2022,302935,
ESTAT:MIGR_POP3CTB(1.0),25/04/24 23:00:00,A,NAT,TOTAL,NR,T,IS,2023,304025,
ESTAT:MIGR_POP3CTB(1.0),25/04/24 23:00:00,A,NAT,TOTAL,NR,T,IT,2016,54758099,
ESTAT:MIGR_POP3CTB(1.0),25/04/24 23:00:00,A,NAT,TOTAL,NR,T,IT,2017,54568831,e
ESTAT:MIGR_POP3CTB(1.0),25/04/24 23:00:00,A,NAT,TOTAL,NR,T,IT,2018,54308636,
ESTAT:MIGR_POP3CTB(1.0),25/04/24 23:00:00,A,NAT,TOTAL,NR,T,IT,2019,53747673,b
ESTAT:MIGR_POP3CTB(1.0),25/04/24 23:00:00,A,NAT,TOTAL,NR,T,IT,2020,53480097,
ESTAT:MIGR_POP3CTB(1.0),25/04/24 23:00:00,A,NAT,TOTAL,NR,T,IT,2021,52974006,
ESTAT:MIGR_POP3CTB(1.0),25/04/24 23:00:00,A,NAT,TOTAL,NR,T,IT,2022,52869130,
ESTAT:MIGR_POP3CTB(1.0),25/04/24 23:00:00,A,NAT,TOTAL,NR,T,IT,2023,52579995,
ESTAT:MIGR_POP3CTB(1.0),25/04/24 23:00:00,A,NAT,TOTAL,NR,T,LI,2016,13308,
ESTAT:MIGR_POP3CTB(1.0),25/04/24 23:00:00,A,NAT,TOTAL,NR,T,LI,2017,13110,
ESTAT:MIGR_POP3CTB(1.0),25/04/24 23:00:00,A,NAT,TOTAL,NR,T,LI,2018,12953,
ESTAT:MIGR_POP3CTB(1.0),25/04/24 23:00:00,A,NAT,TOTAL,NR,T,LI,2019,12761,
ESTAT:MIGR_POP3CTB(1.0),25/04/24 23:00:00,A,NAT,TOTAL,NR,T,LI,2020,12610,
ESTAT:MIGR_POP3CTB(1.0),25/04/24 23:00:00,A,NAT,TOTAL,NR,T,LI,2021,12446,
ESTAT:MIGR_POP3CTB(1.0),25/04/24 23:00:00,A,NAT,TOTAL,NR,T,LI,2022,12287,
ESTAT:MIGR_POP3CTB(1.0),25/04/24 23:00:00,A,NAT,TOTAL,NR,T,LT,2016,2758852,
ESTAT:MIGR_POP3CTB(1.0),25/04/24 23:00:00,A,NAT,TOTAL,NR,T,LT,2017,2720553,
ESTAT:MIGR_POP3CTB(1.0),25/04/24 23:00:00,A,NAT,TOTAL,NR,T,LT,2018,2677926,
ESTAT:MIGR_POP3CTB(1.0),25/04/24 23:00:00,A,NAT,TOTAL,NR,T,LT,2019,2656013,
ESTAT:MIGR_POP3CTB(1.0),25/04/24 23:00:00,A,NAT,TOTAL,NR,T,LT,2020,2641512,
ESTAT:MIGR_POP3CTB(1.0),25/04/24 23:00:00,A,NAT,TOTAL,NR,T,LT,2021,2630516,
ESTAT:MIGR_POP3CTB(1.0),25/04/24 23:00:00,A,NAT,TOTAL,NR,T,LT,2022,2637211,
ESTAT:MIGR_POP3CTB(1.0),25/04/24 23:00:00,A,NAT,TOTAL,NR,T,LT,2023,2625456,
ESTAT:MIGR_POP3CTB(1.0),25/04/24 23:00:00,A,NAT,TOTAL,NR,T,LU,2016,315676,
ESTAT:MIGR_POP3CTB(1.0),25/04/24 23:00:00,A,NAT,TOTAL,NR,T,LU,2017,319922,b
ESTAT:MIGR_POP3CTB(1.0),25/04/24 23:00:00,A,NAT,TOTAL,NR,T,LU,2018,321233,
ESTAT:MIGR_POP3CTB(1.0),25/04/24 23:00:00,A,NAT,TOTAL,NR,T,LU,2019,322709,
ESTAT:MIGR_POP3CTB(1.0),25/04/24 23:00:00,A,NAT,TOTAL,NR,T,LU,2020,323929,
ESTAT:MIGR_POP3CTB(1.0),25/04/24 23:00:00,A,NAT,TOTAL,NR,T,LU,2021,325114,
ESTAT:MIGR_POP3CTB(1.0),25/04/24 23:00:00,A,NAT,TOTAL,NR,T,LU,2022,326377,
ESTAT:MIGR_POP3CTB(1.0),25/04/24 23:00:00,A,NAT,TOTAL,NR,T,LU,2023,327223,
ESTAT:MIGR_POP3CTB(1.0),25/04/24 23:00:00,A,NAT,TOTAL,NR,T,LV,2016,1710068,
ESTAT:MIGR_POP3CTB(1.0),25/04/24 23:00:00,A,NAT,TOTAL,NR,T,LV,2017,1698651,
ESTAT:MIGR_POP3CTB(1.0),25/04/24 23:00:00,A,NAT,TOTAL,NR,T,LV,2018,1688339,
ESTAT:MIGR_POP3CTB(1.0),25/04/24 23:00:00,A,NAT,TOTAL,NR,T,LV,2019,1678214,
ESTAT:MIGR_POP3CTB(1.0),25/04/24 23:00:00,A,NAT,TOTAL,NR,T,LV,2020,1670716,
ESTAT:MIGR_POP3CTB(1.0),25/04/24 23:00:00,A,NAT,TOTAL,NR,T,LV,2021,1663123,
ESTAT:MIGR_POP3CTB(1.0),25/04/24 23:00:00,A,NAT,TOTAL,NR,T,LV,2022,1652122,
ESTAT:MIGR_POP3CTB(1.0),25/04/24 23:00:00,A,NAT,TOTAL,NR,T,LV,2023,1641899,
ESTAT:MIGR_POP3CTB(1.0),25/04/24 23:00:00,A,NAT,TOTAL,NR,T,MT,2016,388783,
ESTAT:MIGR_POP3CTB(1.0),25/04/24 23:00:00,A,NAT,TOTAL,NR,T,MT,2017,390721,
ESTAT:MIGR_POP3CTB(1.0),25/04/24 23:00:00,A,NAT,TOTAL,NR,T,MT,2018,392305,
ESTAT:MIGR_POP3CTB(1.0),25/04/24 23:00:00,A,NAT,TOTAL,NR,T,MT,2019,394004,
ESTAT:MIGR_POP3CTB(1.0),25/04/24 23:00:00,A,NAT,TOTAL,NR,T,MT,2020,395637,
ESTAT:MIGR_POP3CTB(1.0),25/04/24 23:00:00,A,NAT,TOTAL,NR,T,MT,2021,396550,
ESTAT:MIGR_POP3CTB(1.0),25/04/24 23:00:00,A,NAT,TOTAL,NR,T,MT,2022,398041,p
ESTAT:MIGR_POP3CTB(1.0),25/04/24 23:00:00,A,NAT,TOTAL,NR,T,MT,2023,388690,
ESTAT:MIGR_POP3CTB(1.0),25/04/24 23:00:00,A,NAT,TOTAL,NR,T,NL,2016,14922597,
ESTAT:MIGR_POP3CTB(1.0),25/04/24 23:00:00,A,NAT,TOTAL,NR,T,NL,2017,14944271,
ESTAT:MIGR_POP3CTB(1.0),25/04/24 23:00:00,A,NAT,TOTAL,NR,T,NL,2018,14965233,
ESTAT:MIGR_POP3CTB(1.0),25/04/24 23:00:00,A,NAT,TOTAL,NR,T,NL,2019,14983454,
ESTAT:MIGR_POP3CTB(1.0),25/04/24 23:00:00,A,NAT,TOTAL,NR,T,NL,2020,15007777,
ESTAT:MIGR_POP3CTB(1.0),25/04/24 23:00:00,A,NAT,TOTAL,NR,T,NL,2021,15024254,
ESTAT:MIGR_POP3CTB(1.0),25/04/24 23:00:00,A,NAT,TOTAL,NR,T,NL,2022,15039835,
ESTAT:MIGR_POP3CTB(1.0),25/04/24 23:00:00,A,NAT,TOTAL,NR,T,NL,2023,15034341,
ESTAT:MIGR_POP3CTB(1.0),25/04/24 23:00:00,A,NAT,TOTAL,NR,T,NO,2016,4436678,
ESTAT:MIGR_POP3CTB(1.0),25/04/24 23:00:00,A,NAT,TOTAL,NR,T,NO,2017,4458520,
ESTAT:MIGR_POP3CTB(1.0),25/04/24 23:00:00,A,NAT,TOTAL,NR,T,NO,2018,4473259,
ESTAT:MIGR_POP3CTB(1.0),25/04/24 23:00:00,A,NAT,TOTAL,NR,T,NO,2019,4486632,
ESTAT:MIGR_POP3CTB(1.0),25/04/24 23:00:00,A,NAT,TOTAL,NR,T,NO,2020,4499802,
ESTAT:MIGR_POP3CTB(1.0),25/04/24 23:00:00,A,NAT,TOTAL,NR,T,NO,2021,4513216,
ESTAT:MIGR_POP3CTB(1.0),25/04/24 23:00:00,A,NAT,TOTAL,NR,T,NO,2022,4518427,
ESTAT:MIGR_POP3CTB(1.0),25/04/24 23:00:00,A,NAT,TOTAL,NR,T,NO,2023,4523438,
ESTAT:MIGR_POP3CTB(1.0),25/04/24 23:00:00,A,NAT,TOTAL,NR,T,PL,2016,37333971,p
ESTAT:MIGR_POP3CTB(1.0),25/04/24 23:00:00,A,NAT,TOTAL,NR,T,PL,2017,37314666,ep
ESTAT:MIGR_POP3CTB(1.0),25/04/24 23:00:00,A,NAT,TOTAL,NR,T,PL,2018,37274658,ep
ESTAT:MIGR_POP3CTB(1.0),25/04/24 23:00:00,A,NAT,TOTAL,NR,T,PL,2019,37211963,
ESTAT:MIGR_POP3CTB(1.0),25/04/24 23:00:00,A,NAT,TOTAL,NR,T,PL,2020,37108818,ep
ESTAT:MIGR_POP3CTB(1.0),25/04/24 23:00:00,A,NAT,TOTAL,NR,T,PL,2021,36120069,
ESTAT:MIGR_POP3CTB(1.0),25/04/24 23:00:00,A,NAT,TOTAL,NR,T,PL,2022,35941113,ep
ESTAT:MIGR_POP3CTB(1.0),25/04/24 23:00:00,A,NAT,TOTAL,NR,T,PL,2023,35802971,ep
ESTAT:MIGR_POP3CTB(1.0),25/04/24 23:00:00,A,NAT,TOTAL,NR,T,PT,2016,9468403,
ESTAT:MIGR_POP3CTB(1.0),25/04/24 23:00:00,A,NAT,TOTAL,NR,T,PT,2017,9432331,
ESTAT:MIGR_POP3CTB(1.0),25/04/24 23:00:00,A,NAT,TOTAL,NR,T,PT,2018,9380785,
ESTAT:MIGR_POP3CTB(1.0),25/04/24 23:00:00,A,NAT,TOTAL,NR,T,PT,2019,9316219,
ESTAT:MIGR_POP3CTB(1.0),25/04/24 23:00:00,A,NAT,TOTAL,NR,T,PT,2020,9200467,
ESTAT:MIGR_POP3CTB(1.0),25/04/24 23:00:00,A,NAT,TOTAL,NR,T,PT,2021,9117225,
ESTAT:MIGR_POP3CTB(1.0),25/04/24 23:00:00,A,NAT,TOTAL,NR,T,PT,2022,9152834,bp
ESTAT:MIGR_POP3CTB(1.0),25/04/24 23:00:00,A,NAT,TOTAL,NR,T,PT,2023,8783537,
ESTAT:MIGR_POP3CTB(1.0),25/04/24 23:00:00,A,NAT,TOTAL,NR,T,RO,2016,19400311,
ESTAT:MIGR_POP3CTB(1.0),25/04/24 23:00:00,A,NAT,TOTAL,NR,T,RO,2017,19212609,
ESTAT:MIGR_POP3CTB(1.0),25/04/24 23:00:00,A,NAT,TOTAL,NR,T,RO,2018,19014180,
ESTAT:MIGR_POP3CTB(1.0),25/04/24 23:00:00,A,NAT,TOTAL,NR,T,RO,2019,18792958,
ESTAT:MIGR_POP3CTB(1.0),25/04/24 23:00:00,A,NAT,TOTAL,NR,T,RO,2020,18596424,e
ESTAT:MIGR_POP3CTB(1.0),25/04/24 23:00:00,A,NAT,TOTAL,NR,T,RO,2021,18502677,
ESTAT:MIGR_POP3CTB(1.0),25/04/24 23:00:00,A,NAT,TOTAL,NR,T,RO,2023,18507616,e
ESTAT:MIGR_POP3CTB(1.0),25/04/24 23:00:00,A,NAT,TOTAL,NR,T,SE,2016,8174753,
ESTAT:MIGR_POP3CTB(1.0),25/04/24 23:00:00,A,NAT,TOTAL,NR,T,SE,2017,8210656,
ESTAT:MIGR_POP3CTB(1.0),25/04/24 23:00:00,A,NAT,TOTAL,NR,T,SE,2018,8243192,
ESTAT:MIGR_POP3CTB(1.0),25/04/24 23:00:00,A,NAT,TOTAL,NR,T,SE,2019,8274616,
ESTAT:MIGR_POP3CTB(1.0),25/04/24 23:00:00,A,NAT,TOTAL,NR,T,SE,2020,8307856,
ESTAT:MIGR_POP3CTB(1.0),25/04/24 23:00:00,A,NAT,TOTAL,NR,T,SE,2021,8332564,
ESTAT:MIGR_POP3CTB(1.0),25/04/24 23:00:00,A,NAT,TOTAL,NR,T,SE,2022,8361823,
ESTAT:MIGR_POP3CTB(1.0),25/04/24 23:00:00,A,NAT,TOTAL,NR,T,SE,2023,8375882,
ESTAT:MIGR_POP3CTB(1.0),25/04/24 23:00:00,A,NAT,TOTAL,NR,T,SI,2016,1822985,
ESTAT:MIGR_POP3CTB(1.0),25/04/24 23:00:00,A,NAT,TOTAL,NR,T,SI,2017,1820526,
ESTAT:MIGR_POP3CTB(1.0),25/04/24 23:00:00,A,NAT,TOTAL,NR,T,SI,2018,1816654,
ESTAT:MIGR_POP3CTB(1.0),25/04/24 23:00:00,A,NAT,TOTAL,NR,T,SI,2019,1815836,
ESTAT:MIGR_POP3CTB(1.0),25/04/24 23:00:00,A,NAT,TOTAL,NR,T,SI,2020,1814240,
ESTAT:MIGR_POP3CTB(1.0),25/04/24 23:00:00,A,NAT,TOTAL,NR,T,SI,2021,1816153,
ESTAT:MIGR_POP3CTB(1.0),25/04/24 23:00:00,A,NAT,TOTAL,NR,T,SI,2022,1812647,
ESTAT:MIGR_POP3CTB(1.0),25/04/24 23:00:00,A,NAT,TOTAL,NR,T,SI,2023,1807683,
ESTAT:MIGR_POP3CTB(1.0),25/04/24 23:00:00,A,NAT,TOTAL,NR,T,SK,2016,5244610,
ESTAT:MIGR_POP3CTB(1.0),25/04/24 23:00:00,A,NAT,TOTAL,NR,T,SK,2017,5249126,
ESTAT:MIGR_POP3CTB(1.0),25/04/24 23:00:00,A,NAT,TOTAL,NR,T,SK,2018,5252812,
ESTAT:MIGR_POP3CTB(1.0),25/04/24 23:00:00,A,NAT,TOTAL,NR,T,SK,2019,5256032,
ESTAT:MIGR_POP3CTB(1.0),25/04/24 23:00:00,A,NAT,TOTAL,NR,T,SK,2020,5259444,
ESTAT:MIGR_POP3CTB(1.0),25/04/24 23:00:00,A,NAT,TOTAL,NR,T,SK,2021,5257840,
ESTAT:MIGR_POP3CTB(1.0),25/04/24 23:00:00,A,NAT,TOTAL,NR,T,SK,2022,5207394,
ESTAT:MIGR_POP3CTB(1.0),25/04/24 23:00:00,A,NAT,TOTAL,NR,T,SK,2023,5201816,
ESTAT:MIGR_POP3CTB(1.0),25/04/24 23:00:00,A,NAT,TOTAL,NR,T,TR,2019,78345669,
ESTAT:MIGR_POP3CTB(1.0),25/04/24 23:00:00,A,NAT,TOTAL,NR,T,TR,2020,79121186,
ESTAT:MIGR_POP3CTB(1.0),25/04/24 23:00:00,A,NAT,TOTAL,NR,T,UK,2016,56628372,
ESTAT:MIGR_POP3CTB(1.0),25/04/24 23:00:00,A,NAT,TOTAL,NR,T,UK,2017,56524797,
ESTAT:MIGR_POP3CTB(1.0),25/04/24 23:00:00,A,NAT,TOTAL,NR,T,UK,2018,56743659,
ESTAT:MIGR_POP3CTB(1.0),25/04/24 23:00:00,A,NAT,TOTAL,NR,T,UK,2019,57153344,
ESTAT:MIGR_POP3CTB(1.0),25/04/24 23:00:00,A,NEU27_2020_FOR,TOTAL,NR,T,AT,2017,920402,
ESTAT:MIGR_POP3CTB(1.0),25/04/24 23:00:00,A,NEU27_2020_FOR,TOTAL,NR,T,AT,2018,939922,
ESTAT:MIGR_POP3CTB(1.0),25/04/24 23:00:00,A,NEU27_2020_FOR,TOTAL,NR,T,AT,2019,949386,
ESTAT:MIGR_POP3CTB(1.0),25/04/24 23:00:00,A,NEU27_2020_FOR,TOTAL,NR,T,AT,2020,963424,
ESTAT:MIGR_POP3CTB(1.0),25/04/24 23:00:00,A,NEU27_2020_FOR,TOTAL,NR,T,AT,2021,973674,
ESTAT:MIGR_POP3CTB(1.0),25/04/24 23:00:00,A,NEU27_2020_FOR,TOTAL,NR,T,AT,2022,997838,
ESTAT:MIGR_POP3CTB(1.0),25/04/24 23:00:00,A,NEU27_2020_FOR,TOTAL,NR,T,AT,2023,1100289,
ESTAT:MIGR_POP3CTB(1.0),25/04/24 23:00:00,A,NEU27_2020_FOR,TOTAL,NR,T,BE,2017,1022227,
ESTAT:MIGR_POP3CTB(1.0),25/04/24 23:00:00,A,NEU27_2020_FOR,TOTAL,NR,T,BE,2018,1051586,
ESTAT:MIGR_POP3CTB(1.0),25/04/24 23:00:00,A,NEU27_2020_FOR,TOTAL,NR,T,BE,2019,1088863,
ESTAT:MIGR_POP3CTB(1.0),25/04/24 23:00:00,A,NEU27_2020_FOR,TOTAL,NR,T,BE,2020,1132855,
ESTAT:MIGR_POP3CTB(1.0),25/04/24 23:00:00,A,NEU27_2020_FOR,TOTAL,NR,T,BE,2021,1160650,
ESTAT:MIGR_POP3CTB(1.0),25/04/24 23:00:00,A,NEU27_2020_FOR,TOTAL,NR,T,BE,2022,1200873,
ESTAT:MIGR_POP3CTB(1.0),25/04/24 23:00:00,A,NEU27_2020_FOR,TOTAL,NR,T,BE,2023,1309094,
ESTAT:MIGR_POP3CTB(1.0),25/04/24 23:00:00,A,NEU27_2020_FOR,TOTAL,NR,T,BG,2017,101885,
ESTAT:MIGR_POP3CTB(1.0),25/04/24 23:00:00,A,NEU27_2020_FOR,TOTAL,NR,T,BG,2018,109674,
ESTAT:MIGR_POP3CTB(1.0),25/04/24 23:00:00,A,NEU27_2020_FOR,TOTAL,NR,T,BG,2019,120898,
ESTAT:MIGR_POP3CTB(1.0),25/04/24 23:00:00,A,NEU27_2020_FOR,TOTAL,NR,T,BG,2020,132960,
ESTAT:MIGR_POP3CTB(1.0),25/04/24 23:00:00,A,NEU27_2020_FOR,TOTAL,NR,T,BG,2021,142609,
ESTAT:MIGR_POP3CTB(1.0),25/04/24 23:00:00,A,NEU27_2020_FOR,TOTAL,NR,T,BG,2022,153851,
ESTAT:MIGR_POP3CTB(1.0),25/04/24 23:00:00,A,NEU27_2020_FOR,TOTAL,NR,T,BG,2023,110943,b
ESTAT:MIGR_POP3CTB(1.0),25/04/24 23:00:00,A,NEU27_2020_FOR,TOTAL,NR,T,CH,2017,1022322,
ESTAT:MIGR_POP3CTB(1.0),25/04/24 23:00:00,A,NEU27_2020_FOR,TOTAL,NR,T,CH,2018,1052652,
ESTAT:MIGR_POP3CTB(1.0),25/04/24 23:00:00,A,NEU27_2020_FOR,TOTAL,NR,T,CH,2019,1079860,
ESTAT:MIGR_POP3CTB(1.0),25/04/24 23:00:00,A,NEU27_2020_FOR,TOTAL,NR,T,CH,2020,1109547,
ESTAT:MIGR_POP3CTB(1.0),25/04/24 23:00:00,A,NEU27_2020_FOR,TOTAL,NR,T,CH,2021,1136589,
ESTAT:MIGR_POP3CTB(1.0),25/04/24 23:00:00,A,NEU27_2020_FOR,TOTAL,NR,T,CH,2022,1165752,
ESTAT:MIGR_POP3CTB(1.0),25/04/24 23:00:00,A,NEU27_2020_FOR,TOTAL,NR,T,CH,2023,1203495,
ESTAT:MIGR_POP3CTB(1.0),25/04/24 23:00:00,A,NEU27_2020_FOR,TOTAL,NR,T,CY,2021,103045,
ESTAT:MIGR_POP3CTB(1.0),25/04/24 23:00:00,A,NEU27_2020_FOR,TOTAL,NR,T,CY,2022,110206,
ESTAT:MIGR_POP3CTB(1.0),25/04/24 23:00:00,A,NEU27_2020_FOR,TOTAL,NR,T,CY,2023,111685,
ESTAT:MIGR_POP3CTB(1.0),25/04/24 23:00:00,A,NEU27_2020_FOR,TOTAL,NR,T,CZ,2017,288964,
ESTAT:MIGR_POP3CTB(1.0),25/04/24 23:00:00,A,NEU27_2020_FOR,TOTAL,NR,T,CZ,2018,284208,
ESTAT:MIGR_POP3CTB(1.0),25/04/24 23:00:00,A,NEU27_2020_FOR,TOTAL,NR,T,CZ,2019,314673,
ESTAT:MIGR_POP3CTB(1.0),25/04/24 23:00:00,A,NEU27_2020_FOR,TOTAL,NR,T,CZ,2020,333671,
ESTAT:MIGR_POP3CTB(1.0),25/04/24 23:00:00,A,NEU27_2020_FOR,TOTAL,NR,T,CZ,2021,280606,b
ESTAT:MIGR_POP3CTB(1.0),25/04/24 23:00:00,A,NEU27_2020_FOR,TOTAL,NR,T,CZ,2022,317379,
ESTAT:MIGR_POP3CTB(1.0),25/04/24 23:00:00,A,NEU27_2020_FOR,TOTAL,NR,T,CZ,2023,624748,
ESTAT:MIGR_POP3CTB(1.0),25/04/24 23:00:00,A,NEU27_2020_FOR,TOTAL,NR,T,DE,2021,8561601,
ESTAT:MIGR_POP3CTB(1.0),25/04/24 23:00:00,A,NEU27_2020_FOR,TOTAL,NR,T,DE,2022,9051793,
ESTAT:MIGR_POP3CTB(1.0),25/04/24 23:00:00,A,NEU27_2020_FOR,TOTAL,NR,T,DE,2023,10202095,
ESTAT:MIGR_POP3CTB(1.0),25/04/24 23:00:00,A,NEU27_2020_FOR,TOTAL,NR,T,DK,2017,459226,
ESTAT:MIGR_POP3CTB(1.0),25/04/24 23:00:00,A,NEU27_2020_FOR,TOTAL,NR,T,DK,2018,472769,
ESTAT:MIGR_POP3CTB(1.0),25/04/24 23:00:00,A,NEU27_2020_FOR,TOTAL,NR,T,DK,2019,481642,
ESTAT:MIGR_POP3CTB(1.0),25/04/24 23:00:00,A,NEU27_2020_FOR,TOTAL,NR,T,DK,2020,486699,
ESTAT:MIGR_POP3CTB(1.0),25/04/24 23:00:00,A,NEU27_2020_FOR,TOTAL,NR,T,DK,2021,488667,
ESTAT:MIGR_POP3CTB(1.0),25/04/24 23:00:00,A,NEU27_2020_FOR,TOTAL,NR,T,DK,2022,497730,
ESTAT:MIGR_POP3CTB(1.0),25/04/24 23:00:00,A,NEU27_2020_FOR,TOTAL,NR,T,DK,2023,540603,
ESTAT:MIGR_POP3CTB(1.0),25/04/24 23:00:00,A,NEU27_2020_FOR,TOTAL,NR,T,EE,2017,173187,
ESTAT:MIGR_POP3CTB(1.0),25/04/24 23:00:00,A,NEU27_2020_FOR,TOTAL,NR,T,EE,2018,173479,
ESTAT:MIGR_POP3CTB(1.0),25/04/24 23:00:00,A,NEU27_2020_FOR,TOTAL,NR,T,EE,2019,173453,
ESTAT:MIGR_POP3CTB(1.0),25/04/24 23:00:00,A,NEU27_2020_FOR,TOTAL,NR,T,EE,2020,174021,
ESTAT:MIGR_POP3CTB(1.0),25/04/24 23:00:00,A,NEU27_2020_FOR,TOTAL,NR,T,EE,2021,173727,
ESTAT:MIGR_POP3CTB(1.0),25/04/24 23:00:00,A,NEU27_2020_FOR,TOTAL,NR,T,EE,2022,175070,
ESTAT:MIGR_POP3CTB(1.0),25/04/24 23:00:00,A,NEU27_2020_FOR,TOTAL,NR,T,EE,2023,208131,
ESTAT:MIGR_POP3CTB(1.0),25/04/24 23:00:00,A,NEU27_2020_FOR,TOTAL,NR,T,EL,2021,1031343,
ESTAT:MIGR_POP3CTB(1.0),25/04/24 23:00:00,A,NEU27_2020_FOR,TOTAL,NR,T,EL,2022,950173,b
ESTAT:MIGR_POP3CTB(1.0),25/04/24 23:00:00,A,NEU27_2020_FOR,TOTAL,NR,T,EL,2023,938065,
ESTAT:MIGR_POP3CTB(1.0),25/04/24 23:00:00,A,NEU27_2020_FOR,TOTAL,NR,T,ES,2017,4378084,
ESTAT:MIGR_POP3CTB(1.0),25/04/24 23:00:00,A,NEU27_2020_FOR,TOTAL,NR,T,ES,2018,4561813,
ESTAT:MIGR_POP3CTB(1.0),25/04/24 23:00:00,A,NEU27_2020_FOR,TOTAL,NR,T,ES,2019,4890556,
ESTAT:MIGR_POP3CTB(1.0),25/04/24 23:00:00,A,NEU27_2020_FOR,TOTAL,NR,T,ES,2020,5319690,
ESTAT:MIGR_POP3CTB(1.0),25/04/24 23:00:00,A,NEU27_2020_FOR,TOTAL,NR,T,ES,2021,5551045,
ESTAT:MIGR_POP3CTB(1.0),25/04/24 23:00:00,A,NEU27_2020_FOR,TOTAL,NR,T,ES,2022,5711886,
ESTAT:MIGR_POP3CTB(1.0),25/04/24 23:00:00,A,NEU27_2020_FOR,TOTAL,NR,T,ES,2023,6624683,
ESTAT:MIGR_POP3CTB(1.0),25/04/24 23:00:00,A,NEU27_2020_FOR,TOTAL,NR,T,FI,2017,232695,
ESTAT:MIGR_POP3CTB(1.0),25/04/24 23:00:00,A,NEU27_2020_FOR,TOTAL,NR,T,FI,2018,245403,
ESTAT:MIGR_POP3CTB(1.0),25/04/24 23:00:00,A,NEU27_2020_FOR,TOTAL,NR,T,FI,2019,257139,
ESTAT:MIGR_POP3CTB(1.0),25/04/24 23:00:00,A,NEU27_2020_FOR,TOTAL,NR,T,FI,2020,271254,
ESTAT:MIGR_POP3CTB(1.0),25/04/24 23:00:00,A,NEU27_2020_FOR,TOTAL,NR,T,FI,2021,284084,
ESTAT:MIGR_POP3CTB(1.0),25/04/24 23:00:00,A,NEU27_2020_FOR,TOTAL,NR,T,FI,2022,300232,
ESTAT:MIGR_POP3CTB(1.0),25/04/24 23:00:00,A,NEU27_2020_FOR,TOTAL,NR,T,FI,2023,330180,
ESTAT:MIGR_POP3CTB(1.0),25/04/24 23:00:00,A,NEU27_2020_FOR,TOTAL,NR,T,FR,2016,6004574,
ESTAT:MIGR_POP3CTB(1.0),25/04/24 23:00:00,A,NEU27_2020_FOR,TOTAL,NR,T,FR,2017,6070747,
ESTAT:MIGR_POP3CTB(1.0),25/04/24 23:00:00,A,NEU27_2020_FOR,TOTAL,NR,T,FR,2018,6218968,
ESTAT:MIGR_POP3CTB(1.0),25/04/24 23:00:00,A,NEU27_2020_FOR,TOTAL,NR,T,FR,2019,6414143,p
ESTAT:MIGR_POP3CTB(1.0),25/04/24 23:00:00,A,NEU27_2020_FOR,TOTAL,NR,T,FR,2020,6547856,p
ESTAT:MIGR_POP3CTB(1.0),25/04/24 23:00:00,A,NEU27_2020_FOR,TOTAL,NR,T,FR,2021,6655693,p
ESTAT:MIGR_POP3CTB(1.0),25/04/24 23:00:00,A,NEU27_2020_FOR,TOTAL,NR,T,FR,2022,6691579,p
ESTAT:MIGR_POP3CTB(1.0),25/04/24 23:00:00,A,NEU27_2020_FOR,TOTAL,NR,T,FR,2023,6953154,
ESTAT:MIGR_POP3CTB(1.0),25/04/24 23:00:00,A,NEU27_2020_FOR,TOTAL,NR,T,HR,2021,467985,
ESTAT:MIGR_POP3CTB(1.0),25/04/24 23:00:00,A,NEU27_2020_FOR,TOTAL,NR,T,HR,2022,407742,b
ESTAT:MIGR_POP3CTB(1.0),25/04/24 23:00:00,A,NEU27_2020_FOR,TOTAL,NR,T,HR,2023,425258,
ESTAT:MIGR_POP3CTB(1.0),25/04/24 23:00:00,A,NEU27_2020_FOR,TOTAL,NR,T,HU,2017,202899,
ESTAT:MIGR_POP3CTB(1.0),25/04/24 23:00:00,A,NEU27_2020_FOR,TOTAL,NR,T,HU,2018,221914,
ESTAT:MIGR_POP3CTB(1.0),25/04/24 23:00:00,A,NEU27_2020_FOR,TOTAL,NR,T,HU,2019,249644,
ESTAT:MIGR_POP3CTB(1.0),25/04/24 23:00:00,A,NEU27_2020_FOR,TOTAL,NR,T,HU,2020,268287,
ESTAT:MIGR_POP3CTB(1.0),25/04/24 23:00:00,A,NEU27_2020_FOR,TOTAL,NR,T,HU,2021,269026,
ESTAT:MIGR_POP3CTB(1.0),25/04/24 23:00:00,A,NEU27_2020_FOR,TOTAL,NR,T,HU,2022,277986,
ESTAT:MIGR_POP3CTB(1.0),25/04/24 23:00:00,A,NEU27_2020_FOR,TOTAL,NR,T,HU,2023,302322,b
ESTAT:MIGR_POP3CTB(1.0),25/04/24 23:00:00,A,NEU27_2020_FOR,TOTAL,NR,T,IE,2021,549028,
ESTAT:MIGR_POP3CTB(1.0),25/04/24 23:00:00,A,NEU27_2020_FOR,TOTAL,NR,T,IE,2022,565090,
ESTAT:MIGR_POP3CTB(1.0),25/04/24 23:00:00,A,NEU27_2020_FOR,TOTAL,NR,T,IE,2023,802820,
ESTAT:MIGR_POP3CTB(1.0),25/04/24 23:00:00,A,NEU27_2020_FOR,TOTAL,NR,T,IS,2017,16214,
ESTAT:MIGR_POP3CTB(1.0),25/04/24 23:00:00,A,NEU27_2020_FOR,TOTAL,NR,T,IS,2018,17633,
ESTAT:MIGR_POP3CTB(1.0),25/04/24 23:00:00,A,NEU27_2020_FOR,TOTAL,NR,T,IS,2019,19165,
ESTAT:MIGR_POP3CTB(1.0),25/04/24 23:00:00,A,NEU27_2020_FOR,TOTAL,NR,T,IS,2020,20797,
ESTAT:MIGR_POP3CTB(1.0),25/04/24 23:00:00,A,NEU27_2020_FOR,TOTAL,NR,T,IS,2021,22364,
ESTAT:MIGR_POP3CTB(1.0),25/04/24 23:00:00,A,NEU27_2020_FOR,TOTAL,NR,T,IS,2022,24259,
ESTAT:MIGR_POP3CTB(1.0),25/04/24 23:00:00,A,NEU27_2020_FOR,TOTAL,NR,T,IS,2023,29268,
ESTAT:MIGR_POP3CTB(1.0),25/04/24 23:00:00,A,NEU27_2020_FOR,TOTAL,NR,T,IT,2017,4258543,
ESTAT:MIGR_POP3CTB(1.0),25/04/24 23:00:00,A,NEU27_2020_FOR,TOTAL,NR,T,IT,2018,4407234,
ESTAT:MIGR_POP3CTB(1.0),25/04/24 23:00:00,A,NEU27_2020_FOR,TOTAL,NR,T,IT,2019,4399124,b
ESTAT:MIGR_POP3CTB(1.0),25/04/24 23:00:00,A,NEU27_2020_FOR,TOTAL,NR,T,IT,2020,4497866,
ESTAT:MIGR_POP3CTB(1.0),25/04/24 23:00:00,A,NEU27_2020_FOR,TOTAL,NR,T,IT,2021,4678913,
ESTAT:MIGR_POP3CTB(1.0),25/04/24 23:00:00,A,NEU27_2020_FOR,TOTAL,NR,T,IT,2022,4606529,
ESTAT:MIGR_POP3CTB(1.0),25/04/24 23:00:00,A,NEU27_2020_FOR,TOTAL,NR,T,IT,2023,4854050,
ESTAT:MIGR_POP3CTB(1.0),25/04/24 23:00:00,A,NEU27_2020_FOR,TOTAL,NR,T,LI,2017,16436,
ESTAT:MIGR_POP3CTB(1.0),25/04/24 23:00:00,A,NEU27_2020_FOR,TOTAL,NR,T,LI,2018,16842,
ESTAT:MIGR_POP3CTB(1.0),25/04/24 23:00:00,A,NEU27_2020_FOR,TOTAL,NR,T,LI,2019,17262,
ESTAT:MIGR_POP3CTB(1.0),25/04/24 23:00:00,A,NEU27_2020_FOR,TOTAL,NR,T,LI,2020,17741,
ESTAT:MIGR_POP3CTB(1.0),25/04/24 23:00:00,A,NEU27_2020_FOR,TOTAL,NR,T,LI,2021,18163,
ESTAT:MIGR_POP3CTB(1.0),25/04/24 23:00:00,A,NEU27_2020_FOR,TOTAL,NR,T,LI,2022,18584,
ESTAT:MIGR_POP3CTB(1.0),25/04/24 23:00:00,A,NEU27_2020_FOR,TOTAL,NR,T,LT,2017,111765,
ESTAT:MIGR_POP3CTB(1.0),25/04/24 23:00:00,A,NEU27_2020_FOR,TOTAL,NR,T,LT,2018,115135,
ESTAT:MIGR_POP3CTB(1.0),25/04/24 23:00:00,A,NEU27_2020_FOR,TOTAL,NR,T,LT,2019,121485,
ESTAT:MIGR_POP3CTB(1.0),25/04/24 23:00:00,A,NEU27_2020_FOR,TOTAL,NR,T,LT,2020,134665,
ESTAT:MIGR_POP3CTB(1.0),25/04/24 23:00:00,A,NEU27_2020_FOR,TOTAL,NR,T,LT,2021,146157,
ESTAT:MIGR_POP3CTB(1.0),25/04/24 23:00:00,A,NEU27_2020_FOR,TOTAL,NR,T,LT,2022,150929,
ESTAT:MIGR_POP3CTB(1.0),25/04/24 23:00:00,A,NEU27_2020_FOR,TOTAL,NR,T,LT,2023,213175,
ESTAT:MIGR_POP3CTB(1.0),25/04/24 23:00:00,A,NEU27_2020_FOR,TOTAL,NR,T,LU,2017,69833,
ESTAT:MIGR_POP3CTB(1.0),25/04/24 23:00:00,A,NEU27_2020_FOR,TOTAL,NR,T,LU,2018,75157,
ESTAT:MIGR_POP3CTB(1.0),25/04/24 23:00:00,A,NEU27_2020_FOR,TOTAL,NR,T,LU,2019,81121,
ESTAT:MIGR_POP3CTB(1.0),25/04/24 23:00:00,A,NEU27_2020_FOR,TOTAL,NR,T,LU,2020,88331,
ESTAT:MIGR_POP3CTB(1.0),25/04/24 23:00:00,A,NEU27_2020_FOR,TOTAL,NR,T,LU,2021,93762,
ESTAT:MIGR_POP3CTB(1.0),25/04/24 23:00:00,A,NEU27_2020_FOR,TOTAL,NR,T,LU,2022,100685,
ESTAT:MIGR_POP3CTB(1.0),25/04/24 23:00:00,A,NEU27_2020_FOR,TOTAL,NR,T,LU,2023,113758,
ESTAT:MIGR_POP3CTB(1.0),25/04/24 23:00:00,A,NEU27_2020_FOR,TOTAL,NR,T,LV,2017,226993,
ESTAT:MIGR_POP3CTB(1.0),25/04/24 23:00:00,A,NEU27_2020_FOR,TOTAL,NR,T,LV,2018,221913,
ESTAT:MIGR_POP3CTB(1.0),25/04/24 23:00:00,A,NEU27_2020_FOR,TOTAL,NR,T,LV,2019,217947,
ESTAT:MIGR_POP3CTB(1.0),25/04/24 23:00:00,A,NEU27_2020_FOR,TOTAL,NR,T,LV,2020,213589,
ESTAT:MIGR_POP3CTB(1.0),25/04/24 23:00:00,A,NEU27_2020_FOR,TOTAL,NR,T,LV,2021,207098,
ESTAT:MIGR_POP3CTB(1.0),25/04/24 23:00:00,A,NEU27_2020_FOR,TOTAL,NR,T,LV,2022,200923,
ESTAT:MIGR_POP3CTB(1.0),25/04/24 23:00:00,A,NEU27_2020_FOR,TOTAL,NR,T,LV,2023,218953,
ESTAT:MIGR_POP3CTB(1.0),25/04/24 23:00:00,A,NEU27_2020_FOR,TOTAL,NR,T,MT,2021,80505,
ESTAT:MIGR_POP3CTB(1.0),25/04/24 23:00:00,A,NEU27_2020_FOR,TOTAL,NR,T,MT,2022,81939,p
ESTAT:MIGR_POP3CTB(1.0),25/04/24 23:00:00,A,NEU27_2020_FOR,TOTAL,NR,T,MT,2023,113057,
ESTAT:MIGR_POP3CTB(1.0),25/04/24 23:00:00,A,NEU27_2020_FOR,TOTAL,NR,T,NL,2017,1608338,
ESTAT:MIGR_POP3CTB(1.0),25/04/24 23:00:00,A,NEU27_2020_FOR,TOTAL,NR,T,NL,2018,1657439,
ESTAT:MIGR_POP3CTB(1.0),25/04/24 23:00:00,A,NEU27_2020_FOR,TOTAL,NR,T,NL,2019,1706965,
ESTAT:MIGR_POP3CTB(1.0),25/04/24 23:00:00,A,NEU27_2020_FOR,TOTAL,NR,T,NL,2020,1769513,
ESTAT:MIGR_POP3CTB(1.0),25/04/24 23:00:00,A,NEU27_2020_FOR,TOTAL,NR,T,NL,2021,1787767,
ESTAT:MIGR_POP3CTB(1.0),25/04/24 23:00:00,A,NEU27_2020_FOR,TOTAL,NR,T,NL,2022,1846439,
ESTAT:MIGR_POP3CTB(1.0),25/04/24 23:00:00,A,NEU27_2020_FOR,TOTAL,NR,T,NL,2023,2029077,
ESTAT:MIGR_POP3CTB(1.0),25/04/24 23:00:00,A,NEU27_2020_FOR,TOTAL,NR,T,NO,2016,444240,
ESTAT:MIGR_POP3CTB(1.0),25/04/24 23:00:00,A,NEU27_2020_FOR,TOTAL,NR,T,NO,2017,468022,
ESTAT:MIGR_POP3CTB(1.0),25/04/24 23:00:00,A,NEU27_2020_FOR,TOTAL,NR,T,NO,2018,488046,
ESTAT:MIGR_POP3CTB(1.0),25/04/24 23:00:00,A,NEU27_2020_FOR,TOTAL,NR,T,NO,2019,503661,
ESTAT:MIGR_POP3CTB(1.0),25/04/24 23:00:00,A,NEU27_2020_FOR,TOTAL,NR,T,NO,2020,521710,
ESTAT:MIGR_POP3CTB(1.0),25/04/24 23:00:00,A,NEU27_2020_FOR,TOTAL,NR,T,NO,2021,527916,
ESTAT:MIGR_POP3CTB(1.0),25/04/24 23:00:00,A,NEU27_2020_FOR,TOTAL,NR,T,NO,2022,545525,
ESTAT:MIGR_POP3CTB(1.0),25/04/24 23:00:00,A,NEU27_2020_FOR,TOTAL,NR,T,NO,2023,597102,
ESTAT:MIGR_POP3CTB(1.0),25/04/24 23:00:00,A,NEU27_2020_FOR,TOTAL,NR,T,PL,2021,710611,b
ESTAT:MIGR_POP3CTB(1.0),25/04/24 23:00:00,A,NEU27_2020_FOR,TOTAL,NR,T,PL,2022,704024,ep
ESTAT:MIGR_POP3CTB(1.0),25/04/24 23:00:00,A,NEU27_2020_FOR,TOTAL,NR,T,PL,2023,701652,ep
ESTAT:MIGR_POP3CTB(1.0),25/04/24 23:00:00,A,NEU27_2020_FOR,TOTAL,NR,T,PT,2021,920676,
ESTAT:MIGR_POP3CTB(1.0),25/04/24 23:00:00,A,NEU27_2020_FOR,TOTAL,NR,T,PT,2022,906401,bp
ESTAT:MIGR_POP3CTB(1.0),25/04/24 23:00:00,A,NEU27_2020_FOR,TOTAL,NR,T,PT,2023,1305639,
ESTAT:MIGR_POP3CTB(1.0),25/04/24 23:00:00,A,NEU27_2020_FOR,TOTAL,NR,T,RO,2017,258891,
ESTAT:MIGR_POP3CTB(1.0),25/04/24 23:00:00,A,NEU27_2020_FOR,TOTAL,NR,T,RO,2018,323635,
ESTAT:MIGR_POP3CTB(1.0),25/04/24 23:00:00,A,NEU27_2020_FOR,TOTAL,NR,T,RO,2019,394564,
ESTAT:MIGR_POP3CTB(1.0),25/04/24 23:00:00,A,NEU27_2020_FOR,TOTAL,NR,T,RO,2020,481228,e
ESTAT:MIGR_POP3CTB(1.0),25/04/24 23:00:00,A,NEU27_2020_FOR,TOTAL,NR,T,RO,2021,441263,
ESTAT:MIGR_POP3CTB(1.0),25/04/24 23:00:00,A,NEU27_2020_FOR,TOTAL,NR,T,RO,2023,328012,e
ESTAT:MIGR_POP3CTB(1.0),25/04/24 23:00:00,A,NEU27_2020_FOR,TOTAL,NR,T,SE,2017,1269218,
ESTAT:MIGR_POP3CTB(1.0),25/04/24 23:00:00,A,NEU27_2020_FOR,TOTAL,NR,T,SE,2018,1352727,
ESTAT:MIGR_POP3CTB(1.0),25/04/24 23:00:00,A,NEU27_2020_FOR,TOTAL,NR,T,SE,2019,1425404,
ESTAT:MIGR_POP3CTB(1.0),25/04/24 23:00:00,A,NEU27_2020_FOR,TOTAL,NR,T,SE,2020,1486252,
ESTAT:MIGR_POP3CTB(1.0),25/04/24 23:00:00,A,NEU27_2020_FOR,TOTAL,NR,T,SE,2021,1515335,
ESTAT:MIGR_POP3CTB(1.0),25/04/24 23:00:00,A,NEU27_2020_FOR,TOTAL,NR,T,SE,2022,1554609,
ESTAT:MIGR_POP3CTB(1.0),25/04/24 23:00:00,A,NEU27_2020_FOR,TOTAL,NR,T,SE,2023,1597275,
ESTAT:MIGR_POP3CTB(1.0),25/04/24 23:00:00,A,NEU27_2020_FOR,TOTAL,NR,T,SI,2017,179586,
ESTAT:MIGR_POP3CTB(1.0),25/04/24 23:00:00,A,NEU27_2020_FOR,TOTAL,NR,T,SI,2018,185058,
ESTAT:MIGR_POP3CTB(1.0),25/04/24 23:00:00,A,NEU27_2020_FOR,TOTAL,NR,T,SI,2019,199975,
ESTAT:MIGR_POP3CTB(1.0),25/04/24 23:00:00,A,NEU27_2020_FOR,TOTAL,NR,T,SI,2020,216768,
ESTAT:MIGR_POP3CTB(1.0),25/04/24 23:00:00,A,NEU27_2020_FOR,TOTAL,NR,T,SI,2021,228052,
ESTAT:MIGR_POP3CTB(1.0),25/04/24 23:00:00,A,NEU27_2020_FOR,TOTAL,NR,T,SI,2022,230739,
ESTAT:MIGR_POP3CTB(1.0),25/04/24 23:00:00,A,NEU27_2020_FOR,TOTAL,NR,T,SI,2023,246991,
ESTAT:MIGR_POP3CTB(1.0),25/04/24 23:00:00,A,NEU27_2020_FOR,TOTAL,NR,T,SK,2017,39714,
ESTAT:MIGR_POP3CTB(1.0),25/04/24 23:00:00,A,NEU27_2020_FOR,TOTAL,NR,T,SK,2018,42026,
ESTAT:MIGR_POP3CTB(1.0),25/04/24 23:00:00,A,NEU27_2020_FOR,TOTAL,NR,T,SK,2019,44422,
ESTAT:MIGR_POP3CTB(1.0),25/04/24 23:00:00,A,NEU27_2020_FOR,TOTAL,NR,T,SK,2020,46946,
ESTAT:MIGR_POP3CTB(1.0),25/04/24 23:00:00,A,NEU27_2020_FOR,TOTAL,NR,T,SK,2021,49061,
ESTAT:MIGR_POP3CTB(1.0),25/04/24 23:00:00,A,NEU27_2020_FOR,TOTAL,NR,T,SK,2022,55778,
ESTAT:MIGR_POP3CTB(1.0),25/04/24 23:00:00,A,NEU27_2020_FOR,TOTAL,NR,T,SK,2023,56885,
ESTAT:MIGR_POP3CTB(1.0),25/04/24 23:00:00,A,NEU27_2020_FOR,TOTAL,NR,T,TR,2019,1456412,
ESTAT:MIGR_POP3CTB(1.0),25/04/24 23:00:00,A,NEU27_2020_FOR,TOTAL,NR,T,TR,2020,1821920,
ESTAT:MIGR_POP3CTB(1.0),25/04/24 23:00:00,A,NEU27_2020_FOR,TOTAL,NR,T,UK,2017,5683726,
ESTAT:MIGR_POP3CTB(1.0),25/04/24 23:00:00,A,NEU27_2020_FOR,TOTAL,NR,T,UK,2018,5743644,
ESTAT:MIGR_POP3CTB(1.0),25/04/24 23:00:00,A,NEU27_2020_FOR,TOTAL,NR,T,UK,2019,5808999,
ESTAT:MIGR_POP3CTB(1.0),25/04/24 23:00:00,A,TOTAL,TOTAL,NR,T,AL,2022,2793592,
ESTAT:MIGR_POP3CTB(1.0),25/04/24 23:00:00,A,TOTAL,TOTAL,NR,T,AT,2016,8700471,
ESTAT:MIGR_POP3CTB(1.0),25/04/24 23:00:00,A,TOTAL,TOTAL,NR,T,AT,2017,8772865,
ESTAT:MIGR_POP3CTB(1.0),25/04/24 23:00:00,A,TOTAL,TOTAL,NR,T,AT,2018,8822267,
ESTAT:MIGR_POP3CTB(1.0),25/04/24 23:00:00,A,TOTAL,TOTAL,NR,T,AT,2019,8858775,
ESTAT:MIGR_POP3CTB(1.0),25/04/24 23:00:00,A,TOTAL,TOTAL,NR,T,AT,2020,8901064,
ESTAT:MIGR_POP3CTB(1.0),25/04/24 23:00:00,A,TOTAL,TOTAL,NR,T,AT,2021,8932664,
ESTAT:MIGR_POP3CTB(1.0),25/04/24 23:00:00,A,TOTAL,TOTAL,NR,T,AT,2022,8978929,
ESTAT:MIGR_POP3CTB(1.0),25/04/24 23:00:00,A,TOTAL,TOTAL,NR,T,AT,2023,9104772,
ESTAT:MIGR_POP3CTB(1.0),25/04/24 23:00:00,A,TOTAL,TOTAL,NR,T,BE,2016,11311117,
ESTAT:MIGR_POP3CTB(1.0),25/04/24 23:00:00,A,TOTAL,TOTAL,NR,T,BE,2017,11351727,
ESTAT:MIGR_POP3CTB(1.0),25/04/24 23:00:00,A,TOTAL,TOTAL,NR,T,BE,2018,11398589,
ESTAT:MIGR_POP3CTB(1.0),25/04/24 23:00:00,A,TOTAL,TOTAL,NR,T,BE,2019,11455519,
ESTAT:MIGR_POP3CTB(1.0),25/04/24 23:00:00,A,TOTAL,TOTAL,NR,T,BE,2020,11522440,
ESTAT:MIGR_POP3CTB(1.0),25/04/24 23:00:00,A,TOTAL,TOTAL,NR,T,BE,2021,11554767,
ESTAT:MIGR_POP3CTB(1.0),25/04/24 23:00:00,A,TOTAL,TOTAL,NR,T,BE,2022,11617623,
ESTAT:MIGR_POP3CTB(1.0),25/04/24 23:00:00,A,TOTAL,TOTAL,NR,T,BE,2023,11742796,
ESTAT:MIGR_POP3CTB(1.0),25/04/24 23:00:00,A,TOTAL,TOTAL,NR,T,BG,2016,7153784,
ESTAT:MIGR_POP3CTB(1.0),25/04/24 23:00:00,A,TOTAL,TOTAL,NR,T,BG,2017,7101859,
ESTAT:MIGR_POP3CTB(1.0),25/04/24 23:00:00,A,TOTAL,TOTAL,NR,T,BG,2018,7050034,
ESTAT:MIGR_POP3CTB(1.0),25/04/24 23:00:00,A,TOTAL,TOTAL,NR,T,BG,2019,7000039,
ESTAT:MIGR_POP3CTB(1.0),25/04/24 23:00:00,A,TOTAL,TOTAL,NR,T,BG,2020,6951482,
ESTAT:MIGR_POP3CTB(1.0),25/04/24 23:00:00,A,TOTAL,TOTAL,NR,T,BG,2021,6916548,
ESTAT:MIGR_POP3CTB(1.0),25/04/24 23:00:00,A,TOTAL,TOTAL,NR,T,BG,2022,6838937,
ESTAT:MIGR_POP3CTB(1.0),25/04/24 23:00:00,A,TOTAL,TOTAL,NR,T,BG,2023,6447710,b
ESTAT:MIGR_POP3CTB(1.0),25/04/24 23:00:00,A,TOTAL,TOTAL,NR,T,CH,2016,8327126,
ESTAT:MIGR_POP3CTB(1.0),25/04/24 23:00:00,A,TOTAL,TOTAL,NR,T,CH,2017,8419550,
ESTAT:MIGR_POP3CTB(1.0),25/04/24 23:00:00,A,TOTAL,TOTAL,NR,T,CH,2018,8484130,
ESTAT:MIGR_POP3CTB(1.0),25/04/24 23:00:00,A,TOTAL,TOTAL,NR,T,CH,2019,8544527,
ESTAT:MIGR_POP3CTB(1.0),25/04/24 23:00:00,A,TOTAL,TOTAL,NR,T,CH,2020,8606033,
ESTAT:MIGR_POP3CTB(1.0),25/04/24 23:00:00,A,TOTAL,TOTAL,NR,T,CH,2021,8670300,
ESTAT:MIGR_POP3CTB(1.0),25/04/24 23:00:00,A,TOTAL,TOTAL,NR,T,CH,2022,8738791,
ESTAT:MIGR_POP3CTB(1.0),25/04/24 23:00:00,A,TOTAL,TOTAL,NR,T,CH,2023,8815385,
ESTAT:MIGR_POP3CTB(1.0),25/04/24 23:00:00,A,TOTAL,TOTAL,NR,T,CY,2016,848319,
ESTAT:MIGR_POP3CTB(1.0),25/04/24 23:00:00,A,TOTAL,TOTAL,NR,T,CY,2017,854802,
ESTAT:MIGR_POP3CTB(1.0),25/04/24 23:00:00,A,TOTAL,TOTAL,NR,T,CY,2018,864236,
ESTAT:MIGR_POP3CTB(1.0),25/04/24 23:00:00,A,TOTAL,TOTAL,NR,T,CY,2019,875899,
ESTAT:MIGR_POP3CTB(1.0),25/04/24 23:00:00,A,TOTAL,TOTAL,NR,T,CY,2020,888005,
ESTAT:MIGR_POP3CTB(1.0),25/04/24 23:00:00,A,TOTAL,TOTAL,NR,T,CY,2021,896007,
ESTAT:MIGR_POP3CTB(1.0),25/04/24 23:00:00,A,TOTAL,TOTAL,NR,T,CY,2022,904705,
ESTAT:MIGR_POP3CTB(1.0),25/04/24 23:00:00,A,TOTAL,TOTAL,NR,T,CY,2023,920701,
ESTAT:MIGR_POP3CTB(1.0),25/04/24 23:00:00,A,TOTAL,TOTAL,NR,T,CZ,2016,10553843,
ESTAT:MIGR_POP3CTB(1.0),25/04/24 23:00:00,A,TOTAL,TOTAL,NR,T,CZ,2017,10578820,
ESTAT:MIGR_POP3CTB(1.0),25/04/24 23:00:00,A,TOTAL,TOTAL,NR,T,CZ,2018,10610055,
ESTAT:MIGR_POP3CTB(1.0),25/04/24 23:00:00,A,TOTAL,TOTAL,NR,T,CZ,2019,10649800,
ESTAT:MIGR_POP3CTB(1.0),25/04/24 23:00:00,A,TOTAL,TOTAL,NR,T,CZ,2020,10693939,
ESTAT:MIGR_POP3CTB(1.0),25/04/24 23:00:00,A,TOTAL,TOTAL,NR,T,CZ,2021,10494836,b
ESTAT:MIGR_POP3CTB(1.0),25/04/24 23:00:00,A,TOTAL,TOTAL,NR,T,CZ,2022,10516707,
ESTAT:MIGR_POP3CTB(1.0),25/04/24 23:00:00,A,TOTAL,TOTAL,NR,T,CZ,2023,10827529,
ESTAT:MIGR_POP3CTB(1.0),25/04/24 23:00:00,A,TOTAL,TOTAL,NR,T,DE,2016,82175684,
ESTAT:MIGR_POP3CTB(1.0),25/04/24 23:00:00,A,TOTAL,TOTAL,NR,T,DE,2017,82521653,
ESTAT:MIGR_POP3CTB(1.0),25/04/24 23:00:00,A,TOTAL,TOTAL,NR,T,DE,2018,82792351,
ESTAT:MIGR_POP3CTB(1.0),25/04/24 23:00:00,A,TOTAL,TOTAL,NR,T,DE,2019,83019213,
ESTAT:MIGR_POP3CTB(1.0),25/04/24 23:00:00,A,TOTAL,TOTAL,NR,T,DE,2020,83166711,
ESTAT:MIGR_POP3CTB(1.0),25/04/24 23:00:00,A,TOTAL,TOTAL,NR,T,DE,2021,83155031,
ESTAT:MIGR_POP3CTB(1.0),25/04/24 23:00:00,A,TOTAL,TOTAL,NR,T,DE,2022,83237124,
ESTAT:MIGR_POP3CTB(1.0),25/04/24 23:00:00,A,TOTAL,TOTAL,NR,T,DE,2023,84358845,
ESTAT:MIGR_POP3CTB(1.0),25/04/24 23:00:00,A,TOTAL,TOTAL,NR,T,DK,2016,5707251,
ESTAT:MIGR_POP3CTB(1.0),25/04/24 23:00:00,A,TOTAL,TOTAL,NR,T,DK,2017,5748769,
ESTAT:MIGR_POP3CTB(1.0),25/04/24 23:00:00,A,TOTAL,TOTAL,NR,T,DK,2018,5781190,
ESTAT:MIGR_POP3CTB(1.0),25/04/24 23:00:00,A,TOTAL,TOTAL,NR,T,DK,2019,5806081,
ESTAT:MIGR_POP3CTB(1.0),25/04/24 23:00:00,A,TOTAL,TOTAL,NR,T,DK,2020,5822763,
ESTAT:MIGR_POP3CTB(1.0),25/04/24 23:00:00,A,TOTAL,TOTAL,NR,T,DK,2021,5840045,
ESTAT:MIGR_POP3CTB(1.0),25/04/24 23:00:00,A,TOTAL,TOTAL,NR,T,DK,2022,5873420,
ESTAT:MIGR_POP3CTB(1.0),25/04/24 23:00:00,A,TOTAL,TOTAL,NR,T,DK,2023,5932654,
ESTAT:MIGR_POP3CTB(1.0),25/04/24 23:00:00,A,TOTAL,TOTAL,NR,T,EE,2016,1315944,
ESTAT:MIGR_POP3CTB(1.0),25/04/24 23:00:00,A,TOTAL,TOTAL,NR,T,EE,2017,1315635,
ESTAT:MIGR_POP3CTB(1.0),25/04/24 23:00:00,A,TOTAL,TOTAL,NR,T,EE,2018,1319133,
ESTAT:MIGR_POP3CTB(1.0),25/04/24 23:00:00,A,TOTAL,TOTAL,NR,T,EE,2019,1324820,
ESTAT:MIGR_POP3CTB(1.0),25/04/24 23:00:00,A,TOTAL,TOTAL,NR,T,EE,2020,1328976,
ESTAT:MIGR_POP3CTB(1.0),25/04/24 23:00:00,A,TOTAL,TOTAL,NR,T,EE,2021,1330068,
ESTAT:MIGR_POP3CTB(1.0),25/04/24 23:00:00,A,TOTAL,TOTAL,NR,T,EE,2022,1331796,
ESTAT:MIGR_POP3CTB(1.0),25/04/24 23:00:00,A,TOTAL,TOTAL,NR,T,EE,2023,1365884,
ESTAT:MIGR_POP3CTB(1.0),25/04/24 23:00:00,A,TOTAL,TOTAL,NR,T,EL,2016,10783748,
ESTAT:MIGR_POP3CTB(1.0),25/04/24 23:00:00,A,TOTAL,TOTAL,NR,T,EL,2017,10768193,
ESTAT:MIGR_POP3CTB(1.0),25/04/24 23:00:00,A,TOTAL,TOTAL,NR,T,EL,2018,10741165,
ESTAT:MIGR_POP3CTB(1.0),25/04/24 23:00:00,A,TOTAL,TOTAL,NR,T,EL,2019,10724599,
ESTAT:MIGR_POP3CTB(1.0),25/04/24 23:00:00,A,TOTAL,TOTAL,NR,T,EL,2020,10718565,
ESTAT:MIGR_POP3CTB(1.0),25/04/24 23:00:00,A,TOTAL,TOTAL,NR,T,EL,2021,10678632,
ESTAT:MIGR_POP3CTB(1.0),25/04/24 23:00:00,A,TOTAL,TOTAL,NR,T,EL,2022,10459782,b
ESTAT:MIGR_POP3CTB(1.0),25/04/24 23:00:00,A,TOTAL,TOTAL,NR,T,EL,2023,10413982,
ESTAT:MIGR_POP3CTB(1.0),25/04/24 23:00:00,A,TOTAL,TOTAL,NR,T,ES,2016,46440099,
ESTAT:MIGR_POP3CTB(1.0),25/04/24 23:00:00,A,TOTAL,TOTAL,NR,T,ES,2017,46528024,
ESTAT:MIGR_POP3CTB(1.0),25/04/24 23:00:00,A,TOTAL,TOTAL,NR,T,ES,2018,46658447,
ESTAT:MIGR_POP3CTB(1.0),25/04/24 23:00:00,A,TOTAL,TOTAL,NR,T,ES,2019,46937060,
ESTAT:MIGR_POP3CTB(1.0),25/04/24 23:00:00,A,TOTAL,TOTAL,NR,T,ES,2020,47332614,
ESTAT:MIGR_POP3CTB(1.0),25/04/24 23:00:00,A,TOTAL,TOTAL,NR,T,ES,2021,47398695,
ESTAT:MIGR_POP3CTB(1.0),25/04/24 23:00:00,A,TOTAL,TOTAL,NR,T,ES,2022,47432893,
ESTAT:MIGR_POP3CTB(1.0),25/04/24 23:00:00,A,TOTAL,TOTAL,NR,T,ES,2023,48085361,
ESTAT:MIGR_POP3CTB(1.0),25/04/24 23:00:00,A,TOTAL,TOTAL,NR,T,FI,2016,5487308,
ESTAT:MIGR_POP3CTB(1.0),25/04/24 23:00:00,A,TOTAL,TOTAL,NR,T,FI,2017,5503297,
ESTAT:MIGR_POP3CTB(1.0),25/04/24 23:00:00,A,TOTAL,TOTAL,NR,T,FI,2018,5513130,
ESTAT:MIGR_POP3CTB(1.0),25/04/24 23:00:00,A,TOTAL,TOTAL,NR,T,FI,2019,5517919,
ESTAT:MIGR_POP3CTB(1.0),25/04/24 23:00:00,A,TOTAL,TOTAL,NR,T,FI,2020,5525292,
ESTAT:MIGR_POP3CTB(1.0),25/04/24 23:00:00,A,TOTAL,TOTAL,NR,T,FI,2021,5533793,
ESTAT:MIGR_POP3CTB(1.0),25/04/24 23:00:00,A,TOTAL,TOTAL,NR,T,FI,2022,5548241,
ESTAT:MIGR_POP3CTB(1.0),25/04/24 23:00:00,A,TOTAL,TOTAL,NR,T,FI,2023,5563970,
ESTAT:MIGR_POP3CTB(1.0),25/04/24 23:00:00,A,TOTAL,TOTAL,NR,T,FR,2016,66638391,
ESTAT:MIGR_POP3CTB(1.0),25/04/24 23:00:00,A,TOTAL,TOTAL,NR,T,FR,2017,66809816,
ESTAT:MIGR_POP3CTB(1.0),25/04/24 23:00:00,A,TOTAL,TOTAL,NR,T,FR,2018,67026224,
ESTAT:MIGR_POP3CTB(1.0),25/04/24 23:00:00,A,TOTAL,TOTAL,NR,T,FR,2019,67177636,p
ESTAT:MIGR_POP3CTB(1.0),25/04/24 23:00:00,A,TOTAL,TOTAL,NR,T,FR,2020,67320216,p
ESTAT:MIGR_POP3CTB(1.0),25/04/24 23:00:00,A,TOTAL,TOTAL,NR,T,FR,2021,67656682,p
ESTAT:MIGR_POP3CTB(1.0),25/04/24 23:00:00,A,TOTAL,TOTAL,NR,T,FR,2022,67871925,p
ESTAT:MIGR_POP3CTB(1.0),25/04/24 23:00:00,A,TOTAL,TOTAL,NR,T,FR,2023,68172977,p
ESTAT:MIGR_POP3CTB(1.0),25/04/24 23:00:00,A,TOTAL,TOTAL,NR,T,HR,2016,4190669,
ESTAT:MIGR_POP3CTB(1.0),25/04/24 23:00:00,A,TOTAL,TOTAL,NR,T,HR,2017,4154213,
ESTAT:MIGR_POP3CTB(1.0),25/04/24 23:00:00,A,TOTAL,TOTAL,NR,T,HR,2018,4105493,
ESTAT:MIGR_POP3CTB(1.0),25/04/24 23:00:00,A,TOTAL,TOTAL,NR,T,HR,2019,4076246,
ESTAT:MIGR_POP3CTB(1.0),25/04/24 23:00:00,A,TOTAL,TOTAL,NR,T,HR,2020,4058165,
ESTAT:MIGR_POP3CTB(1.0),25/04/24 23:00:00,A,TOTAL,TOTAL,NR,T,HR,2021,4036355,
ESTAT:MIGR_POP3CTB(1.0),25/04/24 23:00:00,A,TOTAL,TOTAL,NR,T,HR,2022,3862305,b
ESTAT:MIGR_POP3CTB(1.0),25/04/24 23:00:00,A,TOTAL,TOTAL,NR,T,HR,2023,3850894,
ESTAT:MIGR_POP3CTB(1.0),25/04/24 23:00:00,A,TOTAL,TOTAL,NR,T,HU,2016,9830485,
ESTAT:MIGR_POP3CTB(1.0),25/04/24 23:00:00,A,TOTAL,TOTAL,NR,T,HU,2017,9797561,
ESTAT:MIGR_POP3CTB(1.0),25/04/24 23:00:00,A,TOTAL,TOTAL,NR,T,HU,2018,9778371,
ESTAT:MIGR_POP3CTB(1.0),25/04/24 23:00:00,A,TOTAL,TOTAL,NR,T,HU,2019,9772756,
ESTAT:MIGR_POP3CTB(1.0),25/04/24 23:00:00,A,TOTAL,TOTAL,NR,T,HU,2020,9769526,
ESTAT:MIGR_POP3CTB(1.0),25/04/24 23:00:00,A,TOTAL,TOTAL,NR,T,HU,2021,9730772,
ESTAT:MIGR_POP3CTB(1.0),25/04/24 23:00:00,A,TOTAL,TOTAL,NR,T,HU,2022,9689010,
ESTAT:MIGR_POP3CTB(1.0),25/04/24 23:00:00,A,TOTAL,TOTAL,NR,T,HU,2023,9599744,b
ESTAT:MIGR_POP3CTB(1.0),25/04/24 23:00:00,A,TOTAL,TOTAL,NR,T,IE,2016,4726286,
ESTAT:MIGR_POP3CTB(1.0),25/04/24 23:00:00,A,TOTAL,TOTAL,NR,T,IE,2017,4784383,
ESTAT:MIGR_POP3CTB(1.0),25/04/24 23:00:00,A,TOTAL,TOTAL,NR,T,IE,2018,4830392,
ESTAT:MIGR_POP3CTB(1.0),25/04/24 23:00:00,A,TOTAL,TOTAL,NR,T,IE,2019,4904240,e
ESTAT:MIGR_POP3CTB(1.0),25/04/24 23:00:00,A,TOTAL,TOTAL,NR,T,IE,2020,4964440,
ESTAT:MIGR_POP3CTB(1.0),25/04/24 23:00:00,A,TOTAL,TOTAL,NR,T,IE,2021,5006324,
ESTAT:MIGR_POP3CTB(1.0),25/04/24 23:00:00,A,TOTAL,TOTAL,NR,T,IE,2022,5060004,
ESTAT:MIGR_POP3CTB(1.0),25/04/24 23:00:00,A,TOTAL,TOTAL,NR,T,IE,2023,5271395,
ESTAT:MIGR_POP3CTB(1.0),25/04/24 23:00:00,A,TOTAL,TOTAL,NR,T,IS,2016,332529,
ESTAT:MIGR_POP3CTB(1.0),25/04/24 23:00:00,A,TOTAL,TOTAL,NR,T,IS,2017,338349,
ESTAT:MIGR_POP3CTB(1.0),25/04/24 23:00:00,A,TOTAL,TOTAL,NR,T,IS,2018,348450,
ESTAT:MIGR_POP3CTB(1.0),25/04/24 23:00:00,A,TOTAL,TOTAL,NR,T,IS,2019,356991,
ESTAT:MIGR_POP3CTB(1.0),25/04/24 23:00:00,A,TOTAL,TOTAL,NR,T,IS,2020,364134,
ESTAT:MIGR_POP3CTB(1.0),25/04/24 23:00:00,A,TOTAL,TOTAL,NR,T,IS,2021,368792,
ESTAT:MIGR_POP3CTB(1.0),25/04/24 23:00:00,A,TOTAL,TOTAL,NR,T,IS,2022,376248,
ESTAT:MIGR_POP3CTB(1.0),25/04/24 23:00:00,A,TOTAL,TOTAL,NR,T,IS,2023,387758,
ESTAT:MIGR_POP3CTB(1.0),25/04/24 23:00:00,A,TOTAL,TOTAL,NR,T,IT,2016,60665551,
ESTAT:MIGR_POP3CTB(1.0),25/04/24 23:00:00,A,TOTAL,TOTAL,NR,T,IT,2017,60589445,
ESTAT:MIGR_POP3CTB(1.0),25/04/24 23:00:00,A,TOTAL,TOTAL,NR,T,IT,2018,60483973,
ESTAT:MIGR_POP3CTB(1.0),25/04/24 23:00:00,A,TOTAL,TOTAL,NR,T,IT,2019,59816673,b
ESTAT:MIGR_POP3CTB(1.0),25/04/24 23:00:00,A,TOTAL,TOTAL,NR,T,IT,2020,59641488,
ESTAT:MIGR_POP3CTB(1.0),25/04/24 23:00:00,A,TOTAL,TOTAL,NR,T,IT,2021,59236213,
ESTAT:MIGR_POP3CTB(1.0),25/04/24 23:00:00,A,TOTAL,TOTAL,NR,T,IT,2022,59030133,
ESTAT:MIGR_POP3CTB(1.0),25/04/24 23:00:00,A,TOTAL,TOTAL,NR,T,IT,2023,58997201,
ESTAT:MIGR_POP3CTB(1.0),25/04/24 23:00:00,A,TOTAL,TOTAL,NR,T,LI,2016,37622,
ESTAT:MIGR_POP3CTB(1.0),25/04/24 23:00:00,A,TOTAL,TOTAL,NR,T,LI,2017,37810,
ESTAT:MIGR_POP3CTB(1.0),25/04/24 23:00:00,A,TOTAL,TOTAL,NR,T,LI,2018,38114,
ESTAT:MIGR_POP3CTB(1.0),25/04/24 23:00:00,A,TOTAL,TOTAL,NR,T,LI,2019,38378,
ESTAT:MIGR_POP3CTB(1.0),25/04/24 23:00:00,A,TOTAL,TOTAL,NR,T,LI,2020,38747,
ESTAT:MIGR_POP3CTB(1.0),25/04/24 23:00:00,A,TOTAL,TOTAL,NR,T,LI,2021,39055,
ESTAT:MIGR_POP3CTB(1.0),25/04/24 23:00:00,A,TOTAL,TOTAL,NR,T,LI,2022,39308,
ESTAT:MIGR_POP3CTB(1.0),25/04/24 23:00:00,A,TOTAL,TOTAL,NR,T,LT,2016,2888558,
ESTAT:MIGR_POP3CTB(1.0),25/04/24 23:00:00,A,TOTAL,TOTAL,NR,T,LT,2017,2847904,
ESTAT:MIGR_POP3CTB(1.0),25/04/24 23:00:00,A,TOTAL,TOTAL,NR,T,LT,2018,2808901,
ESTAT:MIGR_POP3CTB(1.0),25/04/24 23:00:00,A,TOTAL,TOTAL,NR,T,LT,2019,2794184,
ESTAT:MIGR_POP3CTB(1.0),25/04/24 23:00:00,A,TOTAL,TOTAL,NR,T,LT,2020,2794090,
ESTAT:MIGR_POP3CTB(1.0),25/04/24 23:00:00,A,TOTAL,TOTAL,NR,T,LT,2021,2795680,
ESTAT:MIGR_POP3CTB(1.0),25/04/24 23:00:00,A,TOTAL,TOTAL,NR,T,LT,2022,2805998,
ESTAT:MIGR_POP3CTB(1.0),25/04/24 23:00:00,A,TOTAL,TOTAL,NR,T,LT,2023,2857279,
ESTAT:MIGR_POP3CTB(1.0),25/04/24 23:00:00,A,TOTAL,TOTAL,NR,T,LU,2016,576249,
ESTAT:MIGR_POP3CTB(1.0),25/04/24 23:00:00,A,TOTAL,TOTAL,NR,T,LU,2017,590667,b
ESTAT:MIGR_POP3CTB(1.0),25/04/24 23:00:00,A,TOTAL,TOTAL,NR,T,LU,2018,602005,
ESTAT:MIGR_POP3CTB(1.0),25/04/24 23:00:00,A,TOTAL,TOTAL,NR,T,LU,2019,613894,
ESTAT:MIGR_POP3CTB(1.0),25/04/24 23:00:00,A,TOTAL,TOTAL,NR,T,LU,2020,626108,
ESTAT:MIGR_POP3CTB(1.0),25/04/24 23:00:00,A,TOTAL,TOTAL,NR,T,LU,2021,634730,
ESTAT:MIGR_POP3CTB(1.0),25/04/24 23:00:00,A,TOTAL,TOTAL,NR,T,LU,2022,645397,
ESTAT:MIGR_POP3CTB(1.0),25/04/24 23:00:00,A,TOTAL,TOTAL,NR,T,LU,2023,660809,
ESTAT:MIGR_POP3CTB(1.0),25/04/24 23:00:00,A,TOTAL,TOTAL,NR,T,LV,2016,1968957,
ESTAT:MIGR_POP3CTB(1.0),25/04/24 23:00:00,A,TOTAL,TOTAL,NR,T,LV,2017,1950116,
ESTAT:MIGR_POP3CTB(1.0),25/04/24 23:00:00,A,TOTAL,TOTAL,NR,T,LV,2018,1934379,
ESTAT:MIGR_POP3CTB(1.0),25/04/24 23:00:00,A,TOTAL,TOTAL,NR,T,LV,2019,1919968,
ESTAT:MIGR_POP3CTB(1.0),25/04/24 23:00:00,A,TOTAL,TOTAL,NR,T,LV,2020,1907675,
ESTAT:MIGR_POP3CTB(1.0),25/04/24 23:00:00,A,TOTAL,TOTAL,NR,T,LV,2021,1893223,
ESTAT:MIGR_POP3CTB(1.0),25/04/24 23:00:00,A,TOTAL,TOTAL,NR,T,LV,2022,1875757,
ESTAT:MIGR_POP3CTB(1.0),25/04/24 23:00:00,A,TOTAL,TOTAL,NR,T,LV,2023,1883008,
ESTAT:MIGR_POP3CTB(1.0),25/04/24 23:00:00,A,TOTAL,TOTAL,NR,T,MK,2022,1837114,b
ESTAT:MIGR_POP3CTB(1.0),25/04/24 23:00:00,A,TOTAL,TOTAL,NR,T,MT,2016,450415,
ESTAT:MIGR_POP3CTB(1.0),25/04/24 23:00:00,A,TOTAL,TOTAL,NR,T,MT,2017,460297,
ESTAT:MIGR_POP3CTB(1.0),25/04/24 23:00:00,A,TOTAL,TOTAL,NR,T,MT,2018,475701,
ESTAT:MIGR_POP3CTB(1.0),25/04/24 23:00:00,A,TOTAL,TOTAL,NR,T,MT,2019,493559,
ESTAT:MIGR_POP3CTB(1.0),25/04/24 23:00:00,A,TOTAL,TOTAL,NR,T,MT,2020,514564,
ESTAT:MIGR_POP3CTB(1.0),25/04/24 23:00:00,A,TOTAL,TOTAL,NR,T,MT,2021,516100,
ESTAT:MIGR_POP3CTB(1.0),25/04/24 23:00:00,A,TOTAL,TOTAL,NR,T,MT,2022,520971,p
ESTAT:MIGR_POP3CTB(1.0),25/04/24 23:00:00,A,TOTAL,TOTAL,NR,T,MT,2023,542051,
ESTAT:MIGR_POP3CTB(1.0),25/04/24 23:00:00,A,TOTAL,TOTAL,NR,T,NL,2016,16979120,
ESTAT:MIGR_POP3CTB(1.0),25/04/24 23:00:00,A,TOTAL,TOTAL,NR,T,NL,2017,17081507,
ESTAT:MIGR_POP3CTB(1.0),25/04/24 23:00:00,A,TOTAL,TOTAL,NR,T,NL,2018,17181084,
ESTAT:MIGR_POP3CTB(1.0),25/04/24 23:00:00,A,TOTAL,TOTAL,NR,T,NL,2019,17282163,
ESTAT:MIGR_POP3CTB(1.0),25/04/24 23:00:00,A,TOTAL,TOTAL,NR,T,NL,2020,17407585,
ESTAT:MIGR_POP3CTB(1.0),25/04/24 23:00:00,A,TOTAL,TOTAL,NR,T,NL,2021,17475415,
ESTAT:MIGR_POP3CTB(1.0),25/04/24 23:00:00,A,TOTAL,TOTAL,NR,T,NL,2022,17590672,
ESTAT:MIGR_POP3CTB(1.0),25/04/24 23:00:00,A,TOTAL,TOTAL,NR,T,NL,2023,17811291,
ESTAT:MIGR_POP3CTB(1.0),25/04/24 23:00:00,A,TOTAL,TOTAL,NR,T,NO,2016,5213985,
ESTAT:MIGR_POP3CTB(1.0),25/04/24 23:00:00,A,TOTAL,TOTAL,NR,T,NO,2017,5258317,
ESTAT:MIGR_POP3CTB(1.0),25/04/24 23:00:00,A,TOTAL,TOTAL,NR,T,NO,2018,5295619,
ESTAT:MIGR_POP3CTB(1.0),25/04/24 23:00:00,A,TOTAL,TOTAL,NR,T,NO,2019,5328212,
ESTAT:MIGR_POP3CTB(1.0),25/04/24 23:00:00,A,TOTAL,TOTAL,NR,T,NO,2020,5367580,
ESTAT:MIGR_POP3CTB(1.0),25/04/24 23:00:00,A,TOTAL,TOTAL,NR,T,NO,2021,5391369,
ESTAT:MIGR_POP3CTB(1.0),25/04/24 23:00:00,A,TOTAL,TOTAL,NR,T,NO,2022,5425270,
ESTAT:MIGR_POP3CTB(1.0),25/04/24 23:00:00,A,TOTAL,TOTAL,NR,T,NO,2023,5488984,
ESTAT:MIGR_POP3CTB(1.0),25/04/24 23:00:00,A,TOTAL,TOTAL,NR,T,PL,2016,37967209,p
ESTAT:MIGR_POP3CTB(1.0),25/04/24 23:00:00,A,TOTAL,TOTAL,NR,T,PL,2017,37972964,ep
ESTAT:MIGR_POP3CTB(1.0),25/04/24 23:00:00,A,TOTAL,TOTAL,NR,T,PL,2018,37976687,ep
ESTAT:MIGR_POP3CTB(1.0),25/04/24 23:00:00,A,TOTAL,TOTAL,NR,T,PL,2019,37972812,
ESTAT:MIGR_POP3CTB(1.0),25/04/24 23:00:00,A,TOTAL,TOTAL,NR,T,PL,2020,37958138,ep
ESTAT:MIGR_POP3CTB(1.0),25/04/24 23:00:00,A,TOTAL,TOTAL,NR,T,PL,2021,37073357,bep
ESTAT:MIGR_POP3CTB(1.0),25/04/24 23:00:00,A,TOTAL,TOTAL,NR,T,PL,2022,36889761,ep
ESTAT:MIGR_POP3CTB(1.0),25/04/24 23:00:00,A,TOTAL,TOTAL,NR,T,PL,2023,36753736,ep
ESTAT:MIGR_POP3CTB(1.0),25/04/24 23:00:00,A,TOTAL,TOTAL,NR,T,PT,2016,10341330,
ESTAT:MIGR_POP3CTB(1.0),25/04/24 23:00:00,A,TOTAL,TOTAL,NR,T,PT,2017,10309573,
ESTAT:MIGR_POP3CTB(1.0),25/04/24 23:00:00,A,TOTAL,TOTAL,NR,T,PT,2018,10291027,
ESTAT:MIGR_POP3CTB(1.0),25/04/24 23:00:00,A,TOTAL,TOTAL,NR,T,PT,2019,10276617,
ESTAT:MIGR_POP3CTB(1.0),25/04/24 23:00:00,A,TOTAL,TOTAL,NR,T,PT,2020,10295909,
ESTAT:MIGR_POP3CTB(1.0),25/04/24 23:00:00,A,TOTAL,TOTAL,NR,T,PT,2021,10298252,
ESTAT:MIGR_POP3CTB(1.0),25/04/24 23:00:00,A,TOTAL,TOTAL,NR,T,PT,2022,10352042,bp
ESTAT:MIGR_POP3CTB(1.0),25/04/24 23:00:00,A,TOTAL,TOTAL,NR,T,PT,2023,10467366,
ESTAT:MIGR_POP3CTB(1.0),25/04/24 23:00:00,A,TOTAL,TOTAL,NR,T,RO,2016,19760585,
ESTAT:MIGR_POP3CTB(1.0),25/04/24 23:00:00,A,TOTAL,TOTAL,NR,T,RO,2017,19643949,
ESTAT:MIGR_POP3CTB(1.0),25/04/24 23:00:00,A,TOTAL,TOTAL,NR,T,RO,2018,19533481,
ESTAT:MIGR_POP3CTB(1.0),25/04/24 23:00:00,A,TOTAL,TOTAL,NR,T,RO,2019,19414458,
ESTAT:MIGR_POP3CTB(1.0),25/04/24 23:00:00,A,TOTAL,TOTAL,NR,T,RO,2020,19328838,e
ESTAT:MIGR_POP3CTB(1.0),25/04/24 23:00:00,A,TOTAL,TOTAL,NR,T,RO,2021,19201662,
ESTAT:MIGR_POP3CTB(1.0),25/04/24 23:00:00,A,TOTAL,TOTAL,NR,T,RO,2023,19054548,e
ESTAT:MIGR_POP3CTB(1.0),25/04/24 23:00:00,A,TOTAL,TOTAL,NR,T,RS,2021,6871547,
ESTAT:MIGR_POP3CTB(1.0),25/04/24 23:00:00,A,TOTAL,TOTAL,NR,T,RS,2022,6797105,
ESTAT:MIGR_POP3CTB(1.0),25/04/24 23:00:00,A,TOTAL,TOTAL,NR,T,SE,2016,9851017,
ESTAT:MIGR_POP3CTB(1.0),25/04/24 23:00:00,A,TOTAL,TOTAL,NR,T,SE,2017,9995153,
ESTAT:MIGR_POP3CTB(1.0),25/04/24 23:00:00,A,TOTAL,TOTAL,NR,T,SE,2018,10120242,
ESTAT:MIGR_POP3CTB(1.0),25/04/24 23:00:00,A,TOTAL,TOTAL,NR,T,SE,2019,10230185,
ESTAT:MIGR_POP3CTB(1.0),25/04/24 23:00:00,A,TOTAL,TOTAL,NR,T,SE,2020,10327589,
ESTAT:MIGR_POP3CTB(1.0),25/04/24 23:00:00,A,TOTAL,TOTAL,NR,T,SE,2021,10379295,
ESTAT:MIGR_POP3CTB(1.0),25/04/24 23:00:00,A,TOTAL,TOTAL,NR,T,SE,2022,10452326,
ESTAT:MIGR_POP3CTB(1.0),25/04/24 23:00:00,A,TOTAL,TOTAL,NR,T,SE,2023,10521556,
ESTAT:MIGR_POP3CTB(1.0),25/04/24 23:00:00,A,TOTAL,TOTAL,NR,T,SI,2016,2064188,
ESTAT:MIGR_POP3CTB(1.0),25/04/24 23:00:00,A,TOTAL,TOTAL,NR,T,SI,2017,2065895,
ESTAT:MIGR_POP3CTB(1.0),25/04/24 23:00:00,A,TOTAL,TOTAL,NR,T,SI,2018,2066880,
ESTAT:MIGR_POP3CTB(1.0),25/04/24 23:00:00,A,TOTAL,TOTAL,NR,T,SI,2019,2080908,
ESTAT:MIGR_POP3CTB(1.0),25/04/24 23:00:00,A,TOTAL,TOTAL,NR,T,SI,2020,2095861,
ESTAT:MIGR_POP3CTB(1.0),25/04/24 23:00:00,A,TOTAL,TOTAL,NR,T,SI,2021,2108977,
ESTAT:MIGR_POP3CTB(1.0),25/04/24 23:00:00,A,TOTAL,TOTAL,NR,T,SI,2022,2107180,
ESTAT:MIGR_POP3CTB(1.0),25/04/24 23:00:00,A,TOTAL,TOTAL,NR,T,SI,2023,2116972,
ESTAT:MIGR_POP3CTB(1.0),25/04/24 23:00:00,A,TOTAL,TOTAL,NR,T,SK,2016,5426252,
ESTAT:MIGR_POP3CTB(1.0),25/04/24 23:00:00,A,TOTAL,TOTAL,NR,T,SK,2017,5435343,
ESTAT:MIGR_POP3CTB(1.0),25/04/24 23:00:00,A,TOTAL,TOTAL,NR,T,SK,2018,5443120,
ESTAT:MIGR_POP3CTB(1.0),25/04/24 23:00:00,A,TOTAL,TOTAL,NR,T,SK,2019,5450421,
ESTAT:MIGR_POP3CTB(1.0),25/04/24 23:00:00,A,TOTAL,TOTAL,NR,T,SK,2020,5457873,
ESTAT:MIGR_POP3CTB(1.0),25/04/24 23:00:00,A,TOTAL,TOTAL,NR,T,SK,2021,5459781,
ESTAT:MIGR_POP3CTB(1.0),25/04/24 23:00:00,A,TOTAL,TOTAL,NR,T,SK,2022,5434712,
ESTAT:MIGR_POP3CTB(1.0),25/04/24 23:00:00,A,TOTAL,TOTAL,NR,T,SK,2023,5428792,
ESTAT:MIGR_POP3CTB(1.0),25/04/24 23:00:00,A,TOTAL,TOTAL,NR,T,TR,2019,82003882,
ESTAT:MIGR_POP3CTB(1.0),25/04/24 23:00:00,A,TOTAL,TOTAL,NR,T,TR,2020,83154997,
ESTAT:MIGR_POP3CTB(1.0),25/04/24 23:00:00,A,TOTAL,TOTAL,NR,T,UA,2021,41418717,
ESTAT:MIGR_POP3CTB(1.0),25/04/24 23:00:00,A,TOTAL,TOTAL,NR,T,UA,2022,40997698,
ESTAT:MIGR_POP3CTB(1.0),25/04/24 23:00:00,A,TOTAL,TOTAL,NR,T,UK,2016,65379044,
ESTAT:MIGR_POP3CTB(1.0),25/04/24 23:00:00,A,TOTAL,TOTAL,NR,T,UK,2017,65844142,
ESTAT:MIGR_POP3CTB(1.0),25/04/24 23:00:00,A,TOTAL,TOTAL,NR,T,UK,2018,66273576,
ESTAT:MIGR_POP3CTB(1.0),25/04/24 23:00:00,A,TOTAL,TOTAL,NR,T,UK,2019,66647112,
ESTAT:MIGR_POP3CTB(1.0),25/04/24 23:00:00,A,UNK,TOTAL,NR,T,AT,2016,6514,
ESTAT:MIGR_POP3CTB(1.0),25/04/24 23:00:00,A,UNK,TOTAL,NR,T,AT,2017,7258,
ESTAT:MIGR_POP3CTB(1.0),25/04/24 23:00:00,A,UNK,TOTAL,NR,T,AT,2018,6504,
ESTAT:MIGR_POP3CTB(1.0),25/04/24 23:00:00,A,UNK,TOTAL,NR,T,AT,2019,5721,
ESTAT:MIGR_POP3CTB(1.0),25/04/24 23:00:00,A,UNK,TOTAL,NR,T,AT,2020,4716,
ESTAT:MIGR_POP3CTB(1.0),25/04/24 23:00:00,A,UNK,TOTAL,NR,T,AT,2021,5520,
ESTAT:MIGR_POP3CTB(1.0),25/04/24 23:00:00,A,UNK,TOTAL,NR,T,AT,2022,8084,
ESTAT:MIGR_POP3CTB(1.0),25/04/24 23:00:00,A,UNK,TOTAL,NR,T,AT,2023,12548,
ESTAT:MIGR_POP3CTB(1.0),25/04/24 23:00:00,A,UNK,TOTAL,NR,T,BE,2016,3656,
ESTAT:MIGR_POP3CTB(1.0),25/04/24 23:00:00,A,UNK,TOTAL,NR,T,BE,2017,4084,
ESTAT:MIGR_POP3CTB(1.0),25/04/24 23:00:00,A,UNK,TOTAL,NR,T,BE,2018,4191,
ESTAT:MIGR_POP3CTB(1.0),25/04/24 23:00:00,A,UNK,TOTAL,NR,T,BE,2019,4956,
ESTAT:MIGR_POP3CTB(1.0),25/04/24 23:00:00,A,UNK,TOTAL,NR,T,BE,2020,4390,
ESTAT:MIGR_POP3CTB(1.0),25/04/24 23:00:00,A,UNK,TOTAL,NR,T,BE,2021,4958,
ESTAT:MIGR_POP3CTB(1.0),25/04/24 23:00:00,A,UNK,TOTAL,NR,T,BE,2022,6021,
ESTAT:MIGR_POP3CTB(1.0),25/04/24 23:00:00,A,UNK,TOTAL,NR,T,BE,2023,7375,
ESTAT:MIGR_POP3CTB(1.0),25/04/24 23:00:00,A,UNK,TOTAL,NR,T,BG,2016,1394,
ESTAT:MIGR_POP3CTB(1.0),25/04/24 23:00:00,A,UNK,TOTAL,NR,T,BG,2017,1693,
ESTAT:MIGR_POP3CTB(1.0),25/04/24 23:00:00,A,UNK,TOTAL,NR,T,BG,2018,1994,
ESTAT:MIGR_POP3CTB(1.0),25/04/24 23:00:00,A,UNK,TOTAL,NR,T,BG,2019,2279,
ESTAT:MIGR_POP3CTB(1.0),25/04/24 23:00:00,A,UNK,TOTAL,NR,T,BG,2020,2491,
ESTAT:MIGR_POP3CTB(1.0),25/04/24 23:00:00,A,UNK,TOTAL,NR,T,BG,2021,2679,
ESTAT:MIGR_POP3CTB(1.0),25/04/24 23:00:00,A,UNK,TOTAL,NR,T,BG,2022,2899,
ESTAT:MIGR_POP3CTB(1.0),25/04/24 23:00:00,A,UNK,TOTAL,NR,T,BG,2023,1415,b
ESTAT:MIGR_POP3CTB(1.0),25/04/24 23:00:00,A,UNK,TOTAL,NR,T,CH,2016,91933,
ESTAT:MIGR_POP3CTB(1.0),25/04/24 23:00:00,A,UNK,TOTAL,NR,T,CH,2017,88552,
ESTAT:MIGR_POP3CTB(1.0),25/04/24 23:00:00,A,UNK,TOTAL,NR,T,CH,2018,86549,
ESTAT:MIGR_POP3CTB(1.0),25/04/24 23:00:00,A,UNK,TOTAL,NR,T,CH,2019,84035,
ESTAT:MIGR_POP3CTB(1.0),25/04/24 23:00:00,A,UNK,TOTAL,NR,T,CH,2020,80347,
ESTAT:MIGR_POP3CTB(1.0),25/04/24 23:00:00,A,UNK,TOTAL,NR,T,CH,2021,77207,
ESTAT:MIGR_POP3CTB(1.0),25/04/24 23:00:00,A,UNK,TOTAL,NR,T,CH,2022,74294,
ESTAT:MIGR_POP3CTB(1.0),25/04/24 23:00:00,A,UNK,TOTAL,NR,T,CH,2023,71896,
ESTAT:MIGR_POP3CTB(1.0),25/04/24 23:00:00,A,UNK,TOTAL,NR,T,CY,2016,6051,
ESTAT:MIGR_POP3CTB(1.0),25/04/24 23:00:00,A,UNK,TOTAL,NR,T,CY,2017,6072,
ESTAT:MIGR_POP3CTB(1.0),25/04/24 23:00:00,A,UNK,TOTAL,NR,T,CY,2018,5775,
ESTAT:MIGR_POP3CTB(1.0),25/04/24 23:00:00,A,UNK,TOTAL,NR,T,CY,2019,5395,
ESTAT:MIGR_POP3CTB(1.0),25/04/24 23:00:00,A,UNK,TOTAL,NR,T,CY,2020,5485,
ESTAT:MIGR_POP3CTB(1.0),25/04/24 23:00:00,A,UNK,TOTAL,NR,T,CY,2021,0,
ESTAT:MIGR_POP3CTB(1.0),25/04/24 23:00:00,A,UNK,TOTAL,NR,T,CY,2022,0,
ESTAT:MIGR_POP3CTB(1.0),25/04/24 23:00:00,A,UNK,TOTAL,NR,T,CY,2023,0,
ESTAT:MIGR_POP3CTB(1.0),25/04/24 23:00:00,A,UNK,TOTAL,NR,T,CZ,2016,0,
ESTAT:MIGR_POP3CTB(1.0),25/04/24 23:00:00,A,UNK,TOTAL,NR,T,CZ,2017,0,
ESTAT:MIGR_POP3CTB(1.0),25/04/24 23:00:00,A,UNK,TOTAL,NR,T,CZ,2018,0,
ESTAT:MIGR_POP3CTB(1.0),25/04/24 23:00:00,A,UNK,TOTAL,NR,T,CZ,2019,0,
ESTAT:MIGR_POP3CTB(1.0),25/04/24 23:00:00,A,UNK,TOTAL,NR,T,CZ,2020,0,
ESTAT:MIGR_POP3CTB(1.0),25/04/24 23:00:00,A,UNK,TOTAL,NR,T,CZ,2021,0,b
ESTAT:MIGR_POP3CTB(1.0),25/04/24 23:00:00,A,UNK,TOTAL,NR,T,CZ,2022,0,
ESTAT:MIGR_POP3CTB(1.0),25/04/24 23:00:00,A,UNK,TOTAL,NR,T,CZ,2023,0,
ESTAT:MIGR_POP3CTB(1.0),25/04/24 23:00:00,A,UNK,TOTAL,NR,T,DE,2016,647462,
ESTAT:MIGR_POP3CTB(1.0),25/04/24 23:00:00,A,UNK,TOTAL,NR,T,DE,2017,612639,
ESTAT:MIGR_POP3CTB(1.0),25/04/24 23:00:00,A,UNK,TOTAL,NR,T,DE,2018,683204,
ESTAT:MIGR_POP3CTB(1.0),25/04/24 23:00:00,A,UNK,TOTAL,NR,T,DE,2019,0,
ESTAT:MIGR_POP3CTB(1.0),25/04/24 23:00:00,A,UNK,TOTAL,NR,T,DE,2020,0,
ESTAT:MIGR_POP3CTB(1.0),25/04/24 23:00:00,A,UNK,TOTAL,NR,T,DE,2021,39684,
ESTAT:MIGR_POP3CTB(1.0),25/04/24 23:00:00,A,UNK,TOTAL,NR,T,DE,2022,0,e
ESTAT:MIGR_POP3CTB(1.0),25/04/24 23:00:00,A,UNK,TOTAL,NR,T,DE,2023,0,e
ESTAT:MIGR_POP3CTB(1.0),25/04/24 23:00:00,A,UNK,TOTAL,NR,T,DK,2016,953,
ESTAT:MIGR_POP3CTB(1.0),25/04/24 23:00:00,A,UNK,TOTAL,NR,T,DK,2017,891,
ESTAT:MIGR_POP3CTB(1.0),25/04/24 23:00:00,A,UNK,TOTAL,NR,T,DK,2018,790,
ESTAT:MIGR_POP3CTB(1.0),25/04/24 23:00:00,A,UNK,TOTAL,NR,T,DK,2019,702,
ESTAT:MIGR_POP3CTB(1.0),25/04/24 23:00:00,A,UNK,TOTAL,NR,T,DK,2020,618,
ESTAT:MIGR_POP3CTB(1.0),25/04/24 23:00:00,A,UNK,TOTAL,NR,T,DK,2021,525,
ESTAT:MIGR_POP3CTB(1.0),25/04/24 23:00:00,A,UNK,TOTAL,NR,T,DK,2022,451,
ESTAT:MIGR_POP3CTB(1.0),25/04/24 23:00:00,A,UNK,TOTAL,NR,T,DK,2023,820,
ESTAT:MIGR_POP3CTB(1.0),25/04/24 23:00:00,A,UNK,TOTAL,NR,T,EE,2016,46,
ESTAT:MIGR_POP3CTB(1.0),25/04/24 23:00:00,A,UNK,TOTAL,NR,T,EE,2017,26,
ESTAT:MIGR_POP3CTB(1.0),25/04/24 23:00:00,A,UNK,TOTAL,NR,T,EE,2018,82,
ESTAT:MIGR_POP3CTB(1.0),25/04/24 23:00:00,A,UNK,TOTAL,NR,T,EE,2019,168,
ESTAT:MIGR_POP3CTB(1.0),25/04/24 23:00:00,A,UNK,TOTAL,NR,T,EE,2020,736,
ESTAT:MIGR_POP3CTB(1.0),25/04/24 23:00:00,A,UNK,TOTAL,NR,T,EE,2021,1209,
ESTAT:MIGR_POP3CTB(1.0),25/04/24 23:00:00,A,UNK,TOTAL,NR,T,EE,2022,670,
ESTAT:MIGR_POP3CTB(1.0),25/04/24 23:00:00,A,UNK,TOTAL,NR,T,EE,2023,637,
ESTAT:MIGR_POP3CTB(1.0),25/04/24 23:00:00,A,UNK,TOTAL,NR,T,EL,2016,0,
ESTAT:MIGR_POP3CTB(1.0),25/04/24 23:00:00,A,UNK,TOTAL,NR,T,EL,2017,0,
ESTAT:MIGR_POP3CTB(1.0),25/04/24 23:00:00,A,UNK,TOTAL,NR,T,EL,2018,0,
ESTAT:MIGR_POP3CTB(1.0),25/04/24 23:00:00,A,UNK,TOTAL,NR,T,EL,2019,0,
ESTAT:MIGR_POP3CTB(1.0),25/04/24 23:00:00,A,UNK,TOTAL,NR,T,EL,2020,0,
ESTAT:MIGR_POP3CTB(1.0),25/04/24 23:00:00,A,UNK,TOTAL,NR,T,EL,2022,0,b
ESTAT:MIGR_POP3CTB(1.0),25/04/24 23:00:00,A,UNK,TOTAL,NR,T,EL,2023,0,
ESTAT:MIGR_POP3CTB(1.0),25/04/24 23:00:00,A,UNK,TOTAL,NR,T,ES,2016,0,
ESTAT:MIGR_POP3CTB(1.0),25/04/24 23:00:00,A,UNK,TOTAL,NR,T,ES,2017,0,
ESTAT:MIGR_POP3CTB(1.0),25/04/24 23:00:00,A,UNK,TOTAL,NR,T,ES,2018,0,
ESTAT:MIGR_POP3CTB(1.0),25/04/24 23:00:00,A,UNK,TOTAL,NR,T,ES,2019,0,
ESTAT:MIGR_POP3CTB(1.0),25/04/24 23:00:00,A,UNK,TOTAL,NR,T,ES,2020,0,
ESTAT:MIGR_POP3CTB(1.0),25/04/24 23:00:00,A,UNK,TOTAL,NR,T,ES,2021,0,
ESTAT:MIGR_POP3CTB(1.0),25/04/24 23:00:00,A,UNK,TOTAL,NR,T,ES,2022,0,
ESTAT:MIGR_POP3CTB(1.0),25/04/24 23:00:00,A,UNK,TOTAL,NR,T,ES,2023,0,
ESTAT:MIGR_POP3CTB(1.0),25/04/24 23:00:00,A,UNK,TOTAL,NR,T,FI,2016,7943,
ESTAT:MIGR_POP3CTB(1.0),25/04/24 23:00:00,A,UNK,TOTAL,NR,T,FI,2017,8555,
ESTAT:MIGR_POP3CTB(1.0),25/04/24 23:00:00,A,UNK,TOTAL,NR,T,FI,2018,9085,
ESTAT:MIGR_POP3CTB(1.0),25/04/24 23:00:00,A,UNK,TOTAL,NR,T,FI,2019,9855,
ESTAT:MIGR_POP3CTB(1.0),25/04/24 23:00:00,A,UNK,TOTAL,NR,T,FI,2020,10624,
ESTAT:MIGR_POP3CTB(1.0),25/04/24 23:00:00,A,UNK,TOTAL,NR,T,FI,2021,12090,
ESTAT:MIGR_POP3CTB(1.0),25/04/24 23:00:00,A,UNK,TOTAL,NR,T,FI,2022,13881,
ESTAT:MIGR_POP3CTB(1.0),25/04/24 23:00:00,A,UNK,TOTAL,NR,T,FI,2023,15652,
ESTAT:MIGR_POP3CTB(1.0),25/04/24 23:00:00,A,UNK,TOTAL,NR,T,FR,2016,0,
ESTAT:MIGR_POP3CTB(1.0),25/04/24 23:00:00,A,UNK,TOTAL,NR,T,FR,2017,0,
ESTAT:MIGR_POP3CTB(1.0),25/04/24 23:00:00,A,UNK,TOTAL,NR,T,FR,2018,0,
ESTAT:MIGR_POP3CTB(1.0),25/04/24 23:00:00,A,UNK,TOTAL,NR,T,FR,2019,0,p
ESTAT:MIGR_POP3CTB(1.0),25/04/24 23:00:00,A,UNK,TOTAL,NR,T,FR,2020,0,p
ESTAT:MIGR_POP3CTB(1.0),25/04/24 23:00:00,A,UNK,TOTAL,NR,T,FR,2021,0,p
ESTAT:MIGR_POP3CTB(1.0),25/04/24 23:00:00,A,UNK,TOTAL,NR,T,FR,2022,0,p
ESTAT:MIGR_POP3CTB(1.0),25/04/24 23:00:00,A,UNK,TOTAL,NR,T,FR,2023,0,p
ESTAT:MIGR_POP3CTB(1.0),25/04/24 23:00:00,A,UNK,TOTAL,NR,T,HR,2016,4648,
ESTAT:MIGR_POP3CTB(1.0),25/04/24 23:00:00,A,UNK,TOTAL,NR,T,HR,2017,4594,
ESTAT:MIGR_POP3CTB(1.0),25/04/24 23:00:00,A,UNK,TOTAL,NR,T,HR,2018,4339,
ESTAT:MIGR_POP3CTB(1.0),25/04/24 23:00:00,A,UNK,TOTAL,NR,T,HR,2019,4088,
ESTAT:MIGR_POP3CTB(1.0),25/04/24 23:00:00,A,UNK,TOTAL,NR,T,HR,2020,3909,
ESTAT:MIGR_POP3CTB(1.0),25/04/24 23:00:00,A,UNK,TOTAL,NR,T,HR,2021,3691,
ESTAT:MIGR_POP3CTB(1.0),25/04/24 23:00:00,A,UNK,TOTAL,NR,T,HR,2022,228,b
ESTAT:MIGR_POP3CTB(1.0),25/04/24 23:00:00,A,UNK,TOTAL,NR,T,HR,2023,208,
ESTAT:MIGR_POP3CTB(1.0),25/04/24 23:00:00,A,UNK,TOTAL,NR,T,HU,2016,515,
ESTAT:MIGR_POP3CTB(1.0),25/04/24 23:00:00,A,UNK,TOTAL,NR,T,HU,2017,478,
ESTAT:MIGR_POP3CTB(1.0),25/04/24 23:00:00,A,UNK,TOTAL,NR,T,HU,2018,396,
ESTAT:MIGR_POP3CTB(1.0),25/04/24 23:00:00,A,UNK,TOTAL,NR,T,HU,2019,366,
ESTAT:MIGR_POP3CTB(1.0),25/04/24 23:00:00,A,UNK,TOTAL,NR,T,HU,2020,333,
ESTAT:MIGR_POP3CTB(1.0),25/04/24 23:00:00,A,UNK,TOTAL,NR,T,HU,2021,202,
ESTAT:MIGR_POP3CTB(1.0),25/04/24 23:00:00,A,UNK,TOTAL,NR,T,HU,2022,42,
ESTAT:MIGR_POP3CTB(1.0),25/04/24 23:00:00,A,UNK,TOTAL,NR,T,HU,2023,4739,b
ESTAT:MIGR_POP3CTB(1.0),25/04/24 23:00:00,A,UNK,TOTAL,NR,T,IE,2016,3357,
ESTAT:MIGR_POP3CTB(1.0),25/04/24 23:00:00,A,UNK,TOTAL,NR,T,IE,2017,870,
ESTAT:MIGR_POP3CTB(1.0),25/04/24 23:00:00,A,UNK,TOTAL,NR,T,IE,2018,1658,
ESTAT:MIGR_POP3CTB(1.0),25/04/24 23:00:00,A,UNK,TOTAL,NR,T,IE,2019,2833,e
ESTAT:MIGR_POP3CTB(1.0),25/04/24 23:00:00,A,UNK,TOTAL,NR,T,IE,2020,3817,
ESTAT:MIGR_POP3CTB(1.0),25/04/24 23:00:00,A,UNK,TOTAL,NR,T,IE,2021,4291,
ESTAT:MIGR_POP3CTB(1.0),25/04/24 23:00:00,A,UNK,TOTAL,NR,T,IE,2022,5088,
ESTAT:MIGR_POP3CTB(1.0),25/04/24 23:00:00,A,UNK,TOTAL,NR,T,IE,2023,0,
ESTAT:MIGR_POP3CTB(1.0),25/04/24 23:00:00,A,UNK,TOTAL,NR,T,IS,2016,169,
ESTAT:MIGR_POP3CTB(1.0),25/04/24 23:00:00,A,UNK,TOTAL,NR,T,IS,2017,436,
ESTAT:MIGR_POP3CTB(1.0),25/04/24 23:00:00,A,UNK,TOTAL,NR,T,IS,2018,1053,
ESTAT:MIGR_POP3CTB(1.0),25/04/24 23:00:00,A,UNK,TOTAL,NR,T,IS,2019,1404,
ESTAT:MIGR_POP3CTB(1.0),25/04/24 23:00:00,A,UNK,TOTAL,NR,T,IS,2020,1564,
ESTAT:MIGR_POP3CTB(1.0),25/04/24 23:00:00,A,UNK,TOTAL,NR,T,IS,2021,1502,
ESTAT:MIGR_POP3CTB(1.0),25/04/24 23:00:00,A,UNK,TOTAL,NR,T,IS,2022,1546,
ESTAT:MIGR_POP3CTB(1.0),25/04/24 23:00:00,A,UNK,TOTAL,NR,T,IS,2023,1506,
ESTAT:MIGR_POP3CTB(1.0),25/04/24 23:00:00,A,UNK,TOTAL,NR,T,IT,2016,0,
ESTAT:MIGR_POP3CTB(1.0),25/04/24 23:00:00,A,UNK,TOTAL,NR,T,IT,2017,0,e
ESTAT:MIGR_POP3CTB(1.0),25/04/24 23:00:00,A,UNK,TOTAL,NR,T,IT,2018,0,
ESTAT:MIGR_POP3CTB(1.0),25/04/24 23:00:00,A,UNK,TOTAL,NR,T,IT,2019,0,b
ESTAT:MIGR_POP3CTB(1.0),25/04/24 23:00:00,A,UNK,TOTAL,NR,T,IT,2020,0,
ESTAT:MIGR_POP3CTB(1.0),25/04/24 23:00:00,A,UNK,TOTAL,NR,T,IT,2021,0,
ESTAT:MIGR_POP3CTB(1.0),25/04/24 23:00:00,A,UNK,TOTAL,NR,T,IT,2022,0,
ESTAT:MIGR_POP3CTB(1.0),25/04/24 23:00:00,A,UNK,TOTAL,NR,T,IT,2023,0,
ESTAT:MIGR_POP3CTB(1.0),25/04/24 23:00:00,A,UNK,TOTAL,NR,T,LI,2016,73,
ESTAT:MIGR_POP3CTB(1.0),25/04/24 23:00:00,A,UNK,TOTAL,NR,T,LI,2017,66,
ESTAT:MIGR_POP3CTB(1.0),25/04/24 23:00:00,A,UNK,TOTAL,NR,T,LI,2018,63,
ESTAT:MIGR_POP3CTB(1.0),25/04/24 23:00:00,A,UNK,TOTAL,NR,T,LI,2019,56,
ESTAT:MIGR_POP3CTB(1.0),25/04/24 23:00:00,A,UNK,TOTAL,NR,T,LI,2020,56,
ESTAT:MIGR_POP3CTB(1.0),25/04/24 23:00:00,A,UNK,TOTAL,NR,T,LI,2021,49,
ESTAT:MIGR_POP3CTB(1.0),25/04/24 23:00:00,A,UNK,TOTAL,NR,T,LI,2022,50,
ESTAT:MIGR_POP3CTB(1.0),25/04/24 23:00:00,A,UNK,TOTAL,NR,T,LT,2016,0,
ESTAT:MIGR_POP3CTB(1.0),25/04/24 23:00:00,A,UNK,TOTAL,NR,T,LT,2017,0,
ESTAT:MIGR_POP3CTB(1.0),25/04/24 23:00:00,A,UNK,TOTAL,NR,T,LT,2018,0,
ESTAT:MIGR_POP3CTB(1.0),25/04/24 23:00:00,A,UNK,TOTAL,NR,T,LT,2019,0,
ESTAT:MIGR_POP3CTB(1.0),25/04/24 23:00:00,A,UNK,TOTAL,NR,T,LT,2020,0,
ESTAT:MIGR_POP3CTB(1.0),25/04/24 23:00:00,A,UNK,TOTAL,NR,T,LT,2021,0,
ESTAT:MIGR_POP3CTB(1.0),25/04/24 23:00:00,A,UNK,TOTAL,NR,T,LT,2022,0,
ESTAT:MIGR_POP3CTB(1.0),25/04/24 23:00:00,A,UNK,TOTAL,NR,T,LT,2023,1,
ESTAT:MIGR_POP3CTB(1.0),25/04/24 23:00:00,A,UNK,TOTAL,NR,T,LU,2016,0,
ESTAT:MIGR_POP3CTB(1.0),25/04/24 23:00:00,A,UNK,TOTAL,NR,T,LU,2017,735,b
ESTAT:MIGR_POP3CTB(1.0),25/04/24 23:00:00,A,UNK,TOTAL,NR,T,LU,2018,621,
ESTAT:MIGR_POP3CTB(1.0),25/04/24 23:00:00,A,UNK,TOTAL,NR,T,LU,2019,541,
ESTAT:MIGR_POP3CTB(1.0),25/04/24 23:00:00,A,UNK,TOTAL,NR,T,LU,2020,491,
ESTAT:MIGR_POP3CTB(1.0),25/04/24 23:00:00,A,UNK,TOTAL,NR,T,LU,2021,452,
ESTAT:MIGR_POP3CTB(1.0),25/04/24 23:00:00,A,UNK,TOTAL,NR,T,LU,2022,452,
ESTAT:MIGR_POP3CTB(1.0),25/04/24 23:00:00,A,UNK,TOTAL,NR,T,LU,2023,501,
ESTAT:MIGR_POP3CTB(1.0),25/04/24 23:00:00,A,UNK,TOTAL,NR,T,LV,2016,0,
ESTAT:MIGR_POP3CTB(1.0),25/04/24 23:00:00,A,UNK,TOTAL,NR,T,LV,2017,0,
ESTAT:MIGR_POP3CTB(1.0),25/04/24 23:00:00,A,UNK,TOTAL,NR,T,LV,2018,0,
ESTAT:MIGR_POP3CTB(1.0),25/04/24 23:00:00,A,UNK,TOTAL,NR,T,LV,2019,0,
ESTAT:MIGR_POP3CTB(1.0),25/04/24 23:00:00,A,UNK,TOTAL,NR,T,LV,2020,6,
ESTAT:MIGR_POP3CTB(1.0),25/04/24 23:00:00,A,UNK,TOTAL,NR,T,LV,2021,5,
ESTAT:MIGR_POP3CTB(1.0),25/04/24 23:00:00,A,UNK,TOTAL,NR,T,LV,2022,4,
ESTAT:MIGR_POP3CTB(1.0),25/04/24 23:00:00,A,UNK,TOTAL,NR,T,LV,2023,13,
ESTAT:MIGR_POP3CTB(1.0),25/04/24 23:00:00,A,UNK,TOTAL,NR,T,MT,2016,0,
ESTAT:MIGR_POP3CTB(1.0),25/04/24 23:00:00,A,UNK,TOTAL,NR,T,MT,2017,0,
ESTAT:MIGR_POP3CTB(1.0),25/04/24 23:00:00,A,UNK,TOTAL,NR,T,MT,2018,0,
ESTAT:MIGR_POP3CTB(1.0),25/04/24 23:00:00,A,UNK,TOTAL,NR,T,MT,2019,0,
ESTAT:MIGR_POP3CTB(1.0),25/04/24 23:00:00,A,UNK,TOTAL,NR,T,MT,2020,0,
ESTAT:MIGR_POP3CTB(1.0),25/04/24 23:00:00,A,UNK,TOTAL,NR,T,MT,2021,0,
ESTAT:MIGR_POP3CTB(1.0),25/04/24 23:00:00,A,UNK,TOTAL,NR,T,MT,2022,0,p
ESTAT:MIGR_POP3CTB(1.0),25/04/24 23:00:00,A,UNK,TOTAL,NR,T,MT,2023,0,
ESTAT:MIGR_POP3CTB(1.0),25/04/24 23:00:00,A,UNK,TOTAL,NR,T,NL,2016,3,
ESTAT:MIGR_POP3CTB(1.0),25/04/24 23:00:00,A,UNK,TOTAL,NR,T,NL,2017,2,
ESTAT:MIGR_POP3CTB(1.0),25/04/24 23:00:00,A,UNK,TOTAL,NR,T,NL,2018,2,
ESTAT:MIGR_POP3CTB(1.0),25/04/24 23:00:00,A,UNK,TOTAL,NR,T,NL,2019,4,
ESTAT:MIGR_POP3CTB(1.0),25/04/24 23:00:00,A,UNK,TOTAL,NR,T,NL,2020,4,
ESTAT:MIGR_POP3CTB(1.0),25/04/24 23:00:00,A,UNK,TOTAL,NR,T,NL,2021,4,
ESTAT:MIGR_POP3CTB(1.0),25/04/24 23:00:00,A,UNK,TOTAL,NR,T,NL,2022,0,
ESTAT:MIGR_POP3CTB(1.0),25/04/24 23:00:00,A,UNK,TOTAL,NR,T,NL,2023,0,
ESTAT:MIGR_POP3CTB(1.0),25/04/24 23:00:00,A,UNK,TOTAL,NR,T,NO,2016,0,
ESTAT:MIGR_POP3CTB(1.0),25/04/24 23:00:00,A,UNK,TOTAL,NR,T,NO,2017,0,
ESTAT:MIGR_POP3CTB(1.0),25/04/24 23:00:00,A,UNK,TOTAL,NR,T,NO,2018,0,
ESTAT:MIGR_POP3CTB(1.0),25/04/24 23:00:00,A,UNK,TOTAL,NR,T,NO,2019,0,
ESTAT:MIGR_POP3CTB(1.0),25/04/24 23:00:00,A,UNK,TOTAL,NR,T,NO,2020,0,
ESTAT:MIGR_POP3CTB(1.0),25/04/24 23:00:00,A,UNK,TOTAL,NR,T,NO,2021,0,
ESTAT:MIGR_POP3CTB(1.0),25/04/24 23:00:00,A,UNK,TOTAL,NR,T,NO,2022,0,
ESTAT:MIGR_POP3CTB(1.0),25/04/24 23:00:00,A,UNK,TOTAL,NR,T,NO,2023,0,
ESTAT:MIGR_POP3CTB(1.0),25/04/24 23:00:00,A,UNK,TOTAL,NR,T,PL,2016,6842,p
ESTAT:MIGR_POP3CTB(1.0),25/04/24 23:00:00,A,UNK,TOTAL,NR,T,PL,2017,6453,ep
ESTAT:MIGR_POP3CTB(1.0),25/04/24 23:00:00,A,UNK,TOTAL,NR,T,PL,2018,6179,ep
ESTAT:MIGR_POP3CTB(1.0),25/04/24 23:00:00,A,UNK,TOTAL,NR,T,PL,2019,0,
ESTAT:MIGR_POP3CTB(1.0),25/04/24 23:00:00,A,UNK,TOTAL,NR,T,PL,2020,0,ep
ESTAT:MIGR_POP3CTB(1.0),25/04/24 23:00:00,A,UNK,TOTAL,NR,T,PL,2021,17548,
ESTAT:MIGR_POP3CTB(1.0),25/04/24 23:00:00,A,UNK,TOTAL,NR,T,PL,2022,17490,ep
ESTAT:MIGR_POP3CTB(1.0),25/04/24 23:00:00,A,UNK,TOTAL,NR,T,PL,2023,17647,ep
ESTAT:MIGR_POP3CTB(1.0),25/04/24 23:00:00,A,UNK,TOTAL,NR,T,PT,2016,426,
ESTAT:MIGR_POP3CTB(1.0),25/04/24 23:00:00,A,UNK,TOTAL,NR,T,PT,2017,942,
ESTAT:MIGR_POP3CTB(1.0),25/04/24 23:00:00,A,UNK,TOTAL,NR,T,PT,2018,689,
ESTAT:MIGR_POP3CTB(1.0),25/04/24 23:00:00,A,UNK,TOTAL,NR,T,PT,2019,1170,
ESTAT:MIGR_POP3CTB(1.0),25/04/24 23:00:00,A,UNK,TOTAL,NR,T,PT,2020,885,
ESTAT:MIGR_POP3CTB(1.0),25/04/24 23:00:00,A,UNK,TOTAL,NR,T,PT,2021,0,
ESTAT:MIGR_POP3CTB(1.0),25/04/24 23:00:00,A,UNK,TOTAL,NR,T,PT,2022,415,bp
ESTAT:MIGR_POP3CTB(1.0),25/04/24 23:00:00,A,UNK,TOTAL,NR,T,PT,2023,0,
ESTAT:MIGR_POP3CTB(1.0),25/04/24 23:00:00,A,UNK,TOTAL,NR,T,RO,2016,12930,
ESTAT:MIGR_POP3CTB(1.0),25/04/24 23:00:00,A,UNK,TOTAL,NR,T,RO,2017,12102,
ESTAT:MIGR_POP3CTB(1.0),25/04/24 23:00:00,A,UNK,TOTAL,NR,T,RO,2018,8775,
ESTAT:MIGR_POP3CTB(1.0),25/04/24 23:00:00,A,UNK,TOTAL,NR,T,RO,2019,9873,
ESTAT:MIGR_POP3CTB(1.0),25/04/24 23:00:00,A,UNK,TOTAL,NR,T,RO,2020,8501,e
ESTAT:MIGR_POP3CTB(1.0),25/04/24 23:00:00,A,UNK,TOTAL,NR,T,RO,2021,10288,e
ESTAT:MIGR_POP3CTB(1.0),25/04/24 23:00:00,A,UNK,TOTAL,NR,T,RO,2023,16958,e
ESTAT:MIGR_POP3CTB(1.0),25/04/24 23:00:00,A,UNK,TOTAL,NR,T,SE,2016,1148,
ESTAT:MIGR_POP3CTB(1.0),25/04/24 23:00:00,A,UNK,TOTAL,NR,T,SE,2017,1318,
ESTAT:MIGR_POP3CTB(1.0),25/04/24 23:00:00,A,UNK,TOTAL,NR,T,SE,2018,1413,
ESTAT:MIGR_POP3CTB(1.0),25/04/24 23:00:00,A,UNK,TOTAL,NR,T,SE,2019,1504,
ESTAT:MIGR_POP3CTB(1.0),25/04/24 23:00:00,A,UNK,TOTAL,NR,T,SE,2020,1542,
ESTAT:MIGR_POP3CTB(1.0),25/04/24 23:00:00,A,UNK,TOTAL,NR,T,SE,2021,1497,
ESTAT:MIGR_POP3CTB(1.0),25/04/24 23:00:00,A,UNK,TOTAL,NR,T,SE,2022,1495,
ESTAT:MIGR_POP3CTB(1.0),25/04/24 23:00:00,A,UNK,TOTAL,NR,T,SE,2023,1406,
ESTAT:MIGR_POP3CTB(1.0),25/04/24 23:00:00,A,UNK,TOTAL,NR,T,SI,2016,0,
ESTAT:MIGR_POP3CTB(1.0),25/04/24 23:00:00,A,UNK,TOTAL,NR,T,SI,2017,0,
ESTAT:MIGR_POP3CTB(1.0),25/04/24 23:00:00,A,UNK,TOTAL,NR,T,SI,2018,0,
ESTAT:MIGR_POP3CTB(1.0),25/04/24 23:00:00,A,UNK,TOTAL,NR,T,SI,2019,0,
ESTAT:MIGR_POP3CTB(1.0),25/04/24 23:00:00,A,UNK,TOTAL,NR,T,SI,2020,0,
ESTAT:MIGR_POP3CTB(1.0),25/04/24 23:00:00,A,UNK,TOTAL,NR,T,SI,2021,0,
ESTAT:MIGR_POP3CTB(1.0),25/04/24 23:00:00,A,UNK,TOTAL,NR,T,SI,2022,0,
ESTAT:MIGR_POP3CTB(1.0),25/04/24 23:00:00,A,UNK,TOTAL,NR,T,SI,2023,0,
ESTAT:MIGR_POP3CTB(1.0),25/04/24 23:00:00,A,UNK,TOTAL,NR,T,SK,2016,0,
ESTAT:MIGR_POP3CTB(1.0),25/04/24 23:00:00,A,UNK,TOTAL,NR,T,SK,2017,0,
ESTAT:MIGR_POP3CTB(1.0),25/04/24 23:00:00,A,UNK,TOTAL,NR,T,SK,2018,0,
ESTAT:MIGR_POP3CTB(1.0),25/04/24 23:00:00,A,UNK,TOTAL,NR,T,SK,2019,0,
ESTAT:MIGR_POP3CTB(1.0),25/04/24 23:00:00,A,UNK,TOTAL,NR,T,SK,2020,0,
ESTAT:MIGR_POP3CTB(1.0),25/04/24 23:00:00,A,UNK,TOTAL,NR,T,SK,2021,0,
ESTAT:MIGR_POP3CTB(1.0),25/04/24 23:00:00,A,UNK,TOTAL,NR,T,SK,2022,14147,
ESTAT:MIGR_POP3CTB(1.0),25/04/24 23:00:00,A,UNK,TOTAL,NR,T,SK,2023,13798,
ESTAT:MIGR_POP3CTB(1.0),25/04/24 23:00:00,A,UNK,TOTAL,NR,T,TR,2019,1379723,
ESTAT:MIGR_POP3CTB(1.0),25/04/24 23:00:00,A,UNK,TOTAL,NR,T,TR,2020,1365217,
ESTAT:MIGR_POP3CTB(1.0),25/04/24 23:00:00,A,UNK,TOTAL,NR,T,UK,2016,54161,
ESTAT:MIGR_POP3CTB(1.0),25/04/24 23:00:00,A,UNK,TOTAL,NR,T,UK,2017,21327,
ESTAT:MIGR_POP3CTB(1.0),25/04/24 23:00:00,A,UNK,TOTAL,NR,T,UK,2018,17453,
ESTAT:MIGR_POP3CTB(1.0),25/04/24 23:00:00,A,UNK,TOTAL,NR,T,UK,2019,24753,
